sight,title,content
蘭嶼,“遠離塵囂.享受大自然.”,"
第一次造訪.此趟行程主要目的是環島.希望可以概覽蘭嶼全貌.包租車輛半天.民宿主人鄭小姐兼導遊開著車帶領環島.沿途天然美景令人讚嘆:鱷魚岩.玉女岩.雙獅岩.軍艦岩......各種巧妙造型.亮麗姿色.都一 一拍照留戀.鄭小姐是土生土長達悟族人.途經六大部落.瞭若指掌.並介紹文化.飲食習慣.原來飛魚在地吃法是煮著吃.天然健康.真是收穫豐富.因第二天上午就離開.還有其他好行程--看日出.大天池.夜間生態....就留待下次了.
"
蘭嶼,“台灣僅存尚未被開發的美麗島嶼”,"
因必須從台灣搭船約兩個多小時，才能到達的蘭嶼，是一般人比較不會特地選擇去的地方。但相對的，它的美麗，讓去的人一輩子難忘，加上當地達悟族的特色，更加深了他迷人的色彩。
"
蘭嶼,“靈魂得到救贖的地方”,"
有別於本島的商業化及現代化，蘭嶼是我到各地旅遊最感受到原始在地的地方，依舊騎著機車環島，環繞蘭嶼，經過各村部落，感受到的不外乎原住民的文化，雖然也慢慢受到本島居民的現代化進駐，但在環島的末段，在某座小學旁，感到當地民眾的純樸，讓我頓時感到心靈上的救贖，似乎為這個在大都市生活已久的我，得到另一種不同的感受
"
蘭嶼,“蘭嶼”,"
蘭嶼 位於台灣.台東外海偏遠小島島上交通以船跟飛機為主 但物資只有船運 飛機每小時一班 船就要3天一班船島上交通只有向民宿租借機車來蘭嶼 建議夏天至秋天 此兩季節為旺季.也是蘭嶼飛魚季的開始(包含大船下海)來蘭嶼不是以玩為主 而是來放鬆 欣賞海景 看看蘭嶼人的文化當地的涼亭 是許多遊客要注意的地方 是禁止穿鞋上去的 而要把鞋子脫掉才能在涼亭上休息(因為涼亭在蘭嶼是屬於休息的地方)蘭嶼最好以三天兩夜第一天浮淺加逛附近的景點第二天一大早可以去蘭嶼的東清部落 欣賞日出 順在在那吃早餐.然後環島一圈 欣賞蘭嶼的海景跟個個景點在晚上時 6.7點時 可以去無餓不座的餐廳吃個晚餐由於蘭嶼物資不方便 所以在地的飲食都會比較貴 所以別介意至於機場附近有一家麵攤 叫機場路路的麵攤 價位還不算貴 有去蘭嶼的可以去吃吃蘭嶼環島一圈 慢慢騎 可要2.3個小時 所以基本要兩天的時間早上去 隔天的下午回台東 這才不會太趕時間還有交通的費用 飛機跟船的價位 只差3.4百 但是時間差很多 就要好好斟酌了
"
蘭嶼,“飛魚 Q島 丁字褲”,"
蘭嶼是個美麗的地方，它的美麗源自於海洋資源與黝黑的蘭嶼人，但已經沒落的一段時間，沒有昔日的純樸與自然感。總之，對於我的記憶來說，想停留在以前的時候，偶爾去看看也不錯。
"
蘭嶼,“遠離都市，放空沉澱的好去處”,"
我沒有去過海島，我想這海島就從台灣的蘭嶼開始。當我搭上蘭嶼海上交通，帶著忐忑的心情，不知道是否真的是一個原始的荒島，且太枯燥。但我們上船後就不久出現海豚伴隨我們的船隻，陪我們一起同行，我想:這是一個充滿驚喜的旅程。當我踏上蘭嶼的陸地，海水的清澈是我在台灣看不的港口。一下船，港口就有好幾位小朋友無憂的在跳港，反覆的爬上爬下，我想這童年，是最無憂無慮的。先租了摩特車看看這個讓我驚豔的島嶼。蘭嶼的居民大約四千多人，那裏的羊跟人差不多樣多，但騎車別撞到羊，因為你必須陪錢，賠了錢又無法把羊帶走的。到蘭嶼和當地居民保持最重要的溝通放式:不催促，不殺價，你如果願意開口跟他們聊一聊，他們會很樂意把歡樂帶給你。到了夜晚，每個村提供的餐點不一樣，你們可以自己去品嚐。晚上月光皎潔時，找個無光害得地方你會發現不時地出現流星。早上的艷陽高照，你考可以下水去浮淺，很幸運的我們，又看到了海龜。下午黃昏時找個涼亭，吹著海風看看夕陽小睡一下。真的很棒的旅程。
"
蘭嶼,“前所未有的生活體驗”,"
去蘭嶼，盡量排個四到五天的行程吧。你可以先在頭兩天走馬看花似的做完所有事，像是：夜遊、浮淺、溯溪…等。然後用剩下的一到兩天，睡到自然醒；選幾個喜歡的地點，好好坐著。看看海，發個呆，或許在一間海邊的小店裡看個書，還是跟山羊一起對看都好。絕對能夠治癒你被各種爛事給糟蹋過後的心神狀態。住宿地點，我個人推薦住在紅頭或者漁人部落，生活機能相對方便。如果真的很想看日出，那就早點起床騎車去吧（但夜晚的路請盡量騎慢一點）。最後要注意的是，蘭嶼常有突然的大雨，一定要有防水對策。
"
蘭嶼,“2013的飛魚季”,"
這是一個藍天白雲加上翠綠草地跟山坡的漂亮地方!但是，它真的很遠!!這是我第二次蘭嶼旅行，第一次飛魚季造訪，蘭嶼真是太好拍照的地方!!不管是人文(拍殺飛魚、傳統服飾的達悟族人、地下屋之前，要徵求對方的同意!因為我們去旅遊，而他們是生活!!)自然景觀、或是自組攝影團外拍麻豆都是上上之選。除了來回暈船的經驗之外應該沒有甚麼好抱怨的啦!!
"
蘭嶼,“一個淨土但需要我們的幫助”,"
再訪蘭嶼，一定要做的活動就是浮淺呀！！一樣的龍門港，一樣絢爛的珊瑚，但有總珊瑚顏色變少的感覺，雖然還是美翻天，但是經過那麼灘頭或是村莊，只有一種感覺，蘭嶼的美麗需要我們大家的守護，別讓垃圾的破窗效應愈發擴大，請一起營造美好乾淨的蘭嶼吧
"
蘭嶼,“傳統與現代夾縫的蘭嶼”,"
懷著一份既興奮又忐忑的心情到達開元港_蘭嶼在港邊摩托車集中區領了車後先將物品送到蘭恩基金會,再沿東80公路(唯一環島公路)騎到民宿.雖說是公路,但猶如寬敞的產業道路,沿路會看到一片又一片的水芋田(水耕)及旱芋田(土耕)外,不時也會遇見逛大街的家豚和山羊群.因此,不要太在意路上的小黑石及自然養分(羊豬糞).沒有太多的新建物,卻有一間又一間的新建民宿.藍天,白雲,高聳綿延的青山,清澈見底的海水,浮潛,騎累了路旁的發呆亭稍歇一會,吹吹海風也是不錯的享受.騎在島上唯一橫貫公路,隨著公路向上延伸,由高處往下看,蘭嶼的美景一覽無遺. 夜探潮間帶角鴞(蘭嶼獨有的小型貓頭鷹)時,記得抬頭觀賞一望無際的星空,找一找北斗七星.將自己歸零,才能感受到蘭嶼的自然.
"
蘭嶼,"“與出國旅行是相同頻率,回到本島仍有無限幸福感!!! :)”","
去了一次蘭嶼,就戀棧那邊了! 人仍在台灣玩,但覺得跟出國旅行的心情完全吻合,回到本島仍有無限幸福感! :) 美麗山海與羊群相襯,按下相機快門的那剎間,又是一張明信片。最喜歡的部落是東清,因為那邊是我每天說早安及晚安的地方,期待每日太陽與月亮的交替輪班,感受美麗日出與月昇的感動。下雨後,淺藍、靛藍、深藍三種顏色漸層鋪陳在八代灣上,頓時覺得自己像是在國外海邊上,不過畢竟自己也是位於太平洋其中一個島嶼的小角落。當地達悟族非常熱情,會主動和觀光客互動。Life sucks without true love在這裡不存在,一個樂於助人的人之島-蘭嶼。
"
蘭嶼,“愜意而美好”,"
自在、舒暢、悠閒、放鬆，來一趟蘭嶼，會讓一切忙碌歸零，調整好自己重新出發。蘭嶼是我每每會向朋友推薦的旅遊景點，體驗一下台灣東南角的自然與純真，美麗的景色，就算無事待在發呆亭也是一種奢華。蘭嶼在我腦海裡的記憶，是當我們騎著小機車延著海邊騎乘邊吹著風，正覺得自己已經完完全全融入這美景時，看到一位金髮外藉女旅客，戴著耳機聽著音樂，閉上眼、拎著鞋，敞開雙臂赤腳走在濱海路，當海風飄起她的淡色髮絲時，我不禁想她那時肯定是整個島上最享受、最幸福的人了吧！蘭嶼有太多的美麗、也會帶給你接受不完的驚喜。尤其晚上遊玩時，要記得注意那些站在峭壁上成群睡覺的羊咩咩喔...
"
蘭嶼,“發呆也可以很幸福:)”,"
蘭嶼的海與天空都好藍，在這裡最好的行程就是""沒有行程""，我們最喜歡待在發呆亭，甚麼事也不做，靜靜躺著或坐著，看著藍藍的海，任海風輕輕吹拂就覺得很幸福。我們曾分別在這住過3晚與4晚，若假可以多請幾天，我覺得待上一個星期也不會覺得多。在一次返回後壁湖的船上，聽到兩個歐巴桑在聊天，意思大約是""蘭嶼也沒甚好玩的，幾個小時就看完了""，若只是想環島一圈，到此一遊，拍拍照，的確不用2個小時就OK了。不過大老遠跑來這裡，或許過程還吐了好幾次，若不能多留幾晚好好感受蘭嶼的慢活氣息與美麗風情真的是太可惜了。
"
蘭嶼,“一個人.朋友們.你都會找到新的自己.發現你愛上這樣的原始”,"
很原始的地方,當地的友人都很友善,騎機車環島速速解決也要兩個小時,但到那邊漫活的四處發呆,散心！如果你你不怕水,勢必嘗試一下浮淺甚至淺深潛,你會發現你找不到第二處,台灣純淨的藍,及安靜的海洋.....會讓你愛上這個這樣的地方
"
蘭嶼,“不去會後悔的地方”,"
一個人文 自然 生態 融會貫通的地方在這裏打開工作室是一片彩色走過下一村是一堆山豬嗯？上一村才差點撞到肥羊誒...
"
蘭嶼,“蘭嶼的藍”,"
蘭嶼，一個很原始的地方，住著六大部落。在蘭嶼~ 羊群們就是老大，隨處可見發呆亭，害我們一群人動不動就想上去待一下，放空自己只管享受眼前這份寧靜。飛魚 & 拼板舟是蘭嶼的特色，可以花錢體驗坐在拼板舟上的感覺，我划的時候是沒有進水，但倒是有看到其他人一直把水往外撈XD 到蘭嶼我很推薦花錢體驗夜觀，看看蘭嶼的動植物，了解他們的生態環境，還可看見可愛的貓頭鷹^^ 蘭嶼的海非常清澈，不太商業化，但是物價卻偏高，若有預算倒是很推薦吃當地的美食，海鮮類真的很新鮮又好吃，還有當地的地瓜也非常好吃，讓我難以忘懷的好滋味^^ 總之蘭嶼很棒，若你需要適時的放空自己，享受大自然，美景當前所有煩惱都拋去，那麼你很需要來一趟蘭嶼體驗當地的美，並親眼看看蘭嶼的藍：）
"
蘭嶼,“回歸純真. 放空”,"
海是不可思議的藍, 熱情的達悟族人, 隨意逛大街的豬牛羊雞.......在蘭嶼最好的活動就是..什麼都不要做, 放空
"
蘭嶼,“生日行”,"
真的很漂亮~藝術品般的拼板舟,帶紅色的雲離自己好近,路上的紅綠燈就是 鹿,一早起床出民宿看到的就是一堆小豬,追日出,然後很優閒的吃早餐跟民宿老闆聊個天,騎著摩拖車環島一圈,雖然天黑時挺嚇人,傍晚坐在海旁,看那些當自己家游泳池的小孩玩水,總之很舒服這幾天。
"
蘭嶼,“充滿原始魅力的島嶼”,"
認為他是台灣外島中的淨土,因為交通的不便也使得他保留了很晚整的原始風味,不像綠島充滿了商業氣息,島上的居住選擇有限可是卻可以發現處處的生機,活躍在岩壁上山羊,在街上閒晃的黑豬,島上熱情的居明在買東西的時候請你吃現抓的螃蟹,是一個忘記煩惱和塵囂的世外桃源
"
蘭嶼,“原住民真的超可愛”,"
這裡跟綠島比較起來真的是純樸很多，豬、牛、羊在路上到處走！也沒有任何24小時的便利商店，但也因為如此更可以把物質放為最低，感受那當地生活知足的笑容！
"
蘭嶼,“蘭嶼生活~”,"
第一次到蘭嶼,炎炎夏日真的會使人昏昏欲睡...而和藹且熱情的當地人、美麗的星空,日出與日落、大自然的天籟,以及隨處可見的海～這一切真的很難讓人不愛上這裡！與朋友一起坐在海邊...吃著現出爐的窯烤pizza,吃著當地飛魚餐,喝點飲料或小酒,是多麼享受的一件事阿,但夜裡沒有路燈真的很恐怖...待了三天兩夜,都捨不得離開了 :'(一定要再找機會去的~~
"
蘭嶼,“蘭嶼，一個讓人不得不愛的地方!!”,"
""走向世界，不一定就能走進世界。""而我卻在蘭嶼走""進""入了另一個世界.....在蘭嶼，你可以靠自己很近,因為那裡的人、天空和海....在蘭嶼，銀河、流星是天空的樣子，看海是每天必做的事，上山下海是這兒的文化也是生活方式，風趣體貼是這兒的人互動的方式....蘭嶼處處是驚喜和感動,但需要行動和時間去體會，蘭嶼是我第一次遇到當地人騎車或開車經過時,會刻意將行車速度慢下來慢速通過的地方,因為,不希望路人的衣服溼了!!!蘭嶼，是一個會讓人不得不愛的地方!!
"
蘭嶼,“蘭嶼星空”,"
今年夏天我獨自來到蘭嶼，起初是想看看自己是否有能力一個人旅行，結果一個月來認識了許多不同類型的朋友，他們帶著我體驗特殊活動，最難忘的經驗是睡屋頂，在這裡不僅僅是人們熱情，連星星也是如此熱情的撒滿整片天空，無時無刻都能看見流星，那種說不出來的感動總讓人難以忘懷!!
"
蘭嶼,“I Love Lanyu!”,"
蘭嶼很漂亮也很舒服看過那裏的天空之後你會覺得城市裡的天空像是拙劣的仿造品充滿著令人難以呼吸的塵埃阻擋了視線也阻擋了直接和天空面對面的機會早上湛藍的天空晚上的滿天星星更重要的是溫和與熱情的人們讓人想一直一直的待在那裏
"
蘭嶼,“讓你捨不得拿起像機的瑰麗寶地”,"
常常有人說，台東花蓮是台灣最後一塊淨土，但常常我們忘了還有外島，這個需要２個多小時船程的美麗小島－蘭嶼．我們會記得他是因為新聞上反覆說著新年的第一道曙光還有核廢料，但我們真正忘記的是他最真實且樸實的美麗！我這次第一次照訪，就呆了７天６夜，離開時還有無數的不捨，回想在規劃時，常常東想西想一大堆，但造訪蘭嶼真的不必要這麼麻煩，其實只要把心放開，就好了！蘭嶼的美是無法用言詞表達的，蘭嶼的悠閒也是無法訴說的，我只去過一次......但我想再去很多回!這是第一個地方讓我回味無窮，對一切都感到感到眷戀，一種家的悠閒感！也讓我回到台北時一時感到不適應...哈哈苦笑!蘭嶼絕對是個值得呆上１周以上的地方，值得慢慢品嘗，沒去過蘭嶼......別說你看過最美的台灣!
"
蘭嶼,“看得到各種藍色的蘭嶼”,"
在台灣生長這麼久，在夢想了20年後，第一次踏上蘭嶼這個小島，程著那很多人都暈得亂七八糟的船，接近蘭嶼的碼頭，迎接我的是幾隻在海面飛躍的飛魚。So surprise.大家都說蘭嶼四天夠了，不就是一個島嗎? 遊客去那邊潛水、看山看海。而對我來說最奇妙的是海的顏色，在台灣或是澎湖綠島金門馬祖，我從來沒有看過海有這麼多顏色。跟著朋友在蘭嶼島晃了四天三夜，匆匆的又回到台灣。但回台灣之後，卻發現這趟旅程少了些甚麼? 多了很多遺憾。於是我們一家三口決定在暑假再次踏上這個島一星期。去尋找我們的缺口。如果說我想要建議各位遊客些甚麼? 請愛這個島的遊客們一定要耐心看一下，一起來保護這座小島。一個地方的永續包含環境、社會文化與在地經濟。很多遊客為了省錢而不願意花錢請導遊；但回頭想想，你已經花了很多旅費來到這裡，若是無法深入當地文化，讓在地居民有經濟來源，那未來這個美麗的小島，仍舊會美麗嗎?因此只有三件事特別提醒大家。1.在島上大家很可能去夜間觀察，但請您一定不要拿閃光燈照來照去，去拜訪夜間生物時，也請不要用白光照他們，建議還是找當地的導遊帶你去，他們會用yellow or red 玻璃紙包在手電筒上，帶你們去觀察。2.這一座島垃圾分類系統不太健全，物資等都靠船運，也因此大家喝的飲料瓶最後會去哪裡呢??? 如果可以請您盡可能自己帶水壺，島上很多地方可以加水。而製造的瓶子鋁罐等，也看看是否當地有人做回收，不然就壓一壓自己帶回本島也是一種做法。 3.達悟族有很多文化禁忌，到別人家我們還是得是度尊重主人，也不要隨便拿著相機就對著人拍。多一句的問候，多一點尊重，或許會有不同的收穫。
"
蘭嶼,“得盡早造訪的好地方”,"
多年前,利用四月春假期間與孩子們從後壁湖搭船前往蘭嶼,那是我多次搭船經驗中最舒適的幾次之一,不曉得是海流還是海風助陣?很快就抵達美麗的蘭嶼,因為事先經由安排,入住當地人經營的民宿,雖不豪華或美觀,但是乾淨,最主要還是人,真誠好客熱情,天然美景非常值得用雙腳去探索,無論陸上或者海洋~但也正慢慢開發中,能盡早去蘭嶼旅遊,越能感受她天然又純真及對於大自然敬畏的人性~~
"
蘭嶼,“台灣最棒的淨土”,"
已經去過這裡兩次，每次都給我很棒的回憶，騎摩托車環島一直尋找著地圖上的奇岩怪石真的非常有趣。天氣好的時候，夜晚的星空真的會讓人離不開那個小島。島上有很多很專業的夜間嚮導，會告訴遊客很多很有趣的蘭嶼小故事跟傳說。這個小島有別於台灣其他離島地方，文化與民俗風情因為當地的原住民而非常有自己的風格。我也在這裡獻出了第一次深潛的經驗，海裡生物非常豐富，教練也非常專業。深為台灣人一定要來體驗一下蘭嶼的生活。我們還有很棒的淨土，希望去的遊客們要好好愛惜這個地方。
"
蘭嶼,“讓人與自然融為一體的小島”,"
蘭嶼不像臺灣的一部份，它比較像是一個人們能與自然共存的國度。適合中長期渡假，更能體驗雅美文化！這裡的人純樸、熱情，隨處就能遇見羊群跟小豬，走出戶外就能看到海洋與美景。海底也好美～游泳與潛水更是不能錯過的活動！交通不便是很大的問題，坐船２～４個小時、坐飛機２５分鐘　卻不一定都搭得上！來蘭嶼，請抱持著一顆輕鬆的心～無法進入蘭嶼沒關係，隔天一早再試！無法離開蘭嶼也沒關係～請多再享受一天這裡的美景～海島物資缺乏、也需要被保護來這裡必需適應沒什麼東西好吃又昂貴的狀況在這裡請盡量減少製造垃圾，避免使用一次性的物品請抱持開放的態度、並尊重當地文化～就能有很大的收獲囉!!
"
蘭嶼,“體驗當地人民簡單的生活”,"
要是喜歡戶外,體驗新的文化,這裡是個好地方!趁着土著傳統和文化尚未被現代文明同化,還沒成為俗氣的旅遊勝地之前趕緊去吧。老一輩的亞美人還保持着傳統的農作和捕魚的生活方式,要是真想體驗一下的話,千萬不要夏天去,人太多了!我是四月底去的,剛好在旺季之前。對了,去的話最好住在村子里,這裏的地下房屋保存得非常好。這裏沒有太多風景,就海岸線有很多石頭而已,可以跳水和潜水。來這裏玩最好的辦法就是租個模特車,每天100RMB,然後可以沿着海岸騎着玩。來這裏最好保持開放的心態,融入亞美人的生活。可能有些老年人看起來防衛心理很強,對遊客也不是很客氣,但也遇到了很多熱情友好的當地人,注意他們的習俗和忌諱就是,比如不要拿着相機拍人和捕魚等等。
"
綠島鄉,“世外桃園”,"
綠島位於台灣的東南方，是一個非常美麗的地方，人為破壞極少，除了有清翠的山峰及湛藍的海水可欣賞之外，島上的居民也都很褐藹可親，很好相處
"
綠島鄉,“藍天下碧海徜徉 人生至高享受”,"
今年的綠島長泳可能拜上週紅霞颱風輕輕地走，卻帶走大片雲彩之賜，碧海藍天，水清見底，熱帶魚悠遊，沒有水母的干擾，真是人生至高享受。雖然十多年前到過綠島，但記憶除了曾機車快速環島一圈，沒留下太多印象。這次因長泳而來，先做了功課，知道綠島環島一圈約20K。到了綠島，照例要藉助機車趴趴走會較為便利，環島一週，路程約山、海線各半，想來綠島馬拉松可能設計成跑兩圈的行程應該也不算太輕鬆。山線有觀音洞、哈巴狗、睡美人......可觀，海線有綠島人權文化園區、大白沙、朝日溫泉、燈塔、山峰岩，及小丸子、夏卡爾......民宿前頗有美感的海灣、三隻放牧吃草的小羊，及「過山古道」上坡約150公尺處可登高眺望海灣、視野極佳的涼亭。夜間找到一個較無光害的地方，看到了滿天星斗如沙，較之前高山所見還多，確實會不覺地感悟宇宙蒼穹奧妙，頓覺個人的微渺。回家後突然想聽歷史悠久的「綠島小夜曲」，網路上點播排行第一華裔美籍女歌手的嗓音柔美，發現和藍天下自在地觀看魚兒、碧海徜徉的感覺，意外地頗搭，由網路資訊得知，雖然「綠島小夜曲」唱的並不是這個綠島，難怪也沒有歌詞中提到的椰子樹、月亮......，但歌詞中的「搖啊搖、飄啊飄......」，搭配女歌手的風格嗓音，就能喚起綠島長泳時，天人合一的精神昇華感覺，真是妙哉！
"
綠島鄉,“有機會一定要來玩玩~”,"
綠島(4-10)旅遊旺季，也是浮潛玩水的旅遊勝地~這裡只要沒下雨..真的非常炎熱，難怪有叫火燒島的稱號。島上騎車雖然不用半小時即能繞島一圈，但可去參觀、遊憩的地點可多啦！相信帶著相(手)機，一定能拍到許多漂亮又值得回味的景致(故事)，還沒去過綠島的朋友們，趕快計畫一下吧。
"
綠島鄉,“美麗的海洋”,"
海底世界樂無窮，建議潛水喔，梅花鹿需要保育，人權園區有新的介紹，讓大家對於台灣民主進步有了新的深入認識
"
綠島鄉,“渡假勝地，放鬆親近大自然”,"
四面環海的小島，有個潟湖可以讓旅客游泳、玩水，不會被海浪衝，安全、清澈、乾淨。浮淺非常舒服，不會游泳也沒關係，可以手扶著游泳圈漂浮著，享受被魚包圍的感覺，很繽紛的色彩，很美，真的是非常棒的體驗，連不會游泳的我，都愛上浮淺的感覺。晚上的時候跟著導遊去山區看野生梅花鹿，還有躺在草地上看滿天的星空，很放鬆。值得安排綠島小旅行，需要注意天氣，避免遇到颱風天。
"
綠島鄉,“很美的小島”,"
我們一行人在綠島待了五天，綠島雖小，但一點也不無聊，最好的方式就是租摩托車全島趴趴走。綠島燈塔、朝日溫泉、帆船鼻、小長城.....每個景點都漂亮，喜歡潛水游泳的人一定要去大白沙、柴口、石朗，如果還有閒情逸致，也可以去爬爬過山步道。
"
綠島鄉,“很吸引的旅遊點不多”,"
由於地方小，都是以自然風光為主，Shopping的地方不多，就只有一條街，大部份的遊人都以機車(電單車)代步，在路上行走要多加留意，住宿的要求不能要求過高。環島遊是指定動作，回歸大自然，看看昔日台灣政治犯的監獄，或許你有多一點反思，言論自由不一定是免費。另外，吃當地的海產是不錯的，沒有去過的可考慮！
"
綠島鄉,“舒服放鬆”,"
潮間帶一定要去! 真的很棒!只有體會才知道! 夜間導覽也很有趣我大概看到至少50隻梅花鹿! 當地浮淺也很舒服，下次想要試試潛水應該更棒! 也可以去跳海! 但不建議去燒烤店吃 全身油煙不舒服
"
綠島鄉,“安靜的小島”,"
安靜的小島，即日來回，時間不足，下次要預備去住上一兩晚，是一個安靜反省的好去處。風大了一點，島上人和遊客都少，可能因為是冬天吧。
"
綠島鄉,“世界級海底溫泉”,"
規畫好的海底溫泉區域真的是泡湯賞日出的好地方，沖洗的地方有提供洗髮精沐浴乳，美中不足是水太小有待改進。
"
綠島鄉,“風光明媚的綠島”,"
小而美的綠島,島上步調悠閒,白天風景宜人,小長城,哈巴狗岩,石朗潛水海底風光美不勝收,晚上越夜越有趣,可夜訪梅花鹿,山羌及竹節蟲~綠島很值得推薦!
"
綠島鄉,“值得一推的溫泉”,"
朝日溫泉.日出日落太美了.污染好少.環全島騎機車是一定要的.建議住2天以上.浮潛最好加一個深潛.保證你一輩子忘不了................
"
綠島鄉,“湛藍的海水”,"
湛藍的海水是我對綠島印象最深的一幕，還有坐船時沿途不時跳出的飛魚，台東外海才能看到飛魚的行蹤！還有綠島街上特有的烤飛魚。
"
綠島鄉,“這裡的生活像在做夢一樣！”,"
這裡海底的美麗生態與能見度真的不輸國外！除了一般網路上知名的景點，更可以花更多的時間來了解只有當地人知道的秘密小地方，跳港還有海星星、夕陽、月光海、跳港、大草原、日出更多的感動都值得你來發現。但小島的美麗需要大家來愛護，隨手揀起垃圾，或是自己帶塑膠袋，別留下更多負擔給未來！
"
綠島鄉,“絕對要去!”,"
污染好少，光害小所以星空超級每到不可思議!!大海好藍，浮淺看到好多美麗的魚，光是在沙灘走就好棒，只是防曬是絕對必須啦!綠島監獄當然要去一下啊，是很特別的經驗喔!建議租機車啦，油要先加滿喔然後一定要騎車一圈環島，總之是個放空或瘋玩的好地方!
"
綠島鄉,“朝日溫泉、海底潛水、海藻冰、吃飛魚”,"
朝日溫泉是一定要泡的天然海底溫泉，開到晚上2點，可以邊泡邊看星星，一定要穿泳衣、戴泳帽，還可以自己買蛋進去煮溫泉蛋，白天景色超美，可以拍出許多漂亮照片！門票大人200元、小朋友100元。 來綠島一定要潛水，3天內可以考照，一般人不會游泳也可以選擇浮潛，教練會帶你看海底美景，很多熱帶魚！ 晚上可以騎車夜遊，島上只有一條環島公路，騎完只要半小時，想去哪裡自己騎，晚上可以夜訪梅花鹿，白天熱可以去吃當地特色海藻冰，清涼消暑，綠島大街上很多餐廳不錯吃。非炒不可、釣魚人、哈狗店、牢飯，都不錯吃。遠一點推薦春霞小吃店，值得一吃的乾麵跟魯肉飯。 晚上可以買烤飛魚、鹹酥雞，回去配酒！ 綠島住宿一般2人房1200～2000元，很多民宿房內並無冰箱，要注意！ 有上網重症者，建議先詢問房內是不是有wifi
"
綠島鄉,“我在綠島做夢”,"
四年前來過一次今年舊地重遊 依然美得像夢一樣海天很藍 天氣很熱 風景海底很美坐在長椅上吹著海風看著夕陽這種放鬆步調的生活就趁現在短暫擁有吧~
"
綠島鄉,“清淨清靜”,"
忘卻煩惱的好地方朝日溫泉一大早造訪。空氣超棒。晚上夜遊雖沒参觀 也沒看到梅花鹿有點可惜至於海底世界。看到很多深海魚類。尤其是海龜
"
綠島鄉,“寧靜無汙染”,"
是一個休閒度假悠哉的好地方 ，最大的特色是鹿肉別有一番滋味，島嶼幅員小約2個小時內即可以機車逛遍全島，有田野沙灘又有古蹟
"
綠島鄉,“綠島行”,"
名宿.越蓋越多.吃ㄉ也很方便.可使心情放鬆.現在也有新開免稅店可是要坐船前2小時去買才可以ㄛ.去一定要去浮潛.吃海藻冰
"
綠島鄉,“台湾的關島”,"
綠島是我去過關島和夏威夷後—直想去的地方。去之前很多人都说綠島應該和小琉球差不多且又要坐船会暈，但如果關島和夏威夷同屬美國領土卻能给观光客不同的感受，綠島應該也有不同的風貌。 綠島是離島，想當然各方面一定不如台灣本島。於是除隨身必需品外，還带些零食及—些麵包，雖然事先知道島上有7-11和全家，也只有住—晚而已，可是餓著肚子甚麼事也不能做。到綠島碼頭時的確没有什麽大驚奇，但随民宿主人到住宿處也是預期中的簡樸，直到騎上摩托車環島時—路上由内心發出的驚嘆聲連連。吃的方面也没有想像中的不足，豪華餐廰没有，但絕對可以吃飽。綠島的BBQ很盛行，也很便宜，這點和關島人吃的習慣很像。唯—的不便是水果，但後來在地人指引到一家雜貨店才買到。隔天上船前還有幾小時，又騎上摩托車朝反方向再環島一次，本來预計半小時回民宿冲個澡再到碼頭搭船，結果又是一連串的赞嘆聲，也花近2小時，回到民宿離開船只剩30分鐘，歸還車子，拿了行李，民宿主人只花5分鐘就載我到碼頭，結束二天一夜驚奇不断的綠島行。由於意猶未竟，所以6冃中和明友又到綠島玩了—次，第三次的綠島行則在計劃中。
"
綠島鄉,“綠島”,"
台灣外海的小島"":綠島""，島雖然小，但風景可是非常非常漂亮，先說下海，浮潛看到的海底世界及魚群可是媲美世界級的，環島公路可以看到島上各方位風景，島上還有一個世界少有海底溫泉，晚上又有野生探索""梅花鹿""，太棒了，值得推推推
"
綠島鄉,“店家急於賺錢 天然環境易被人為破壞”,"
基於眾人對於綠島風景優美的評價因此我毫不猶豫的買了船票和訂房先談「搭船」一開出去不用十分鐘便有人開吐接連看到大家一一往廁所走再來談到「租車」通常這邊租的車都不會太好（跟台東比）油表被剪掉，根本不知道車子有沒有油或者騎多少該不該繼續加看民宿或車行怎麼告訴你加油加多少錢完全看他們的心情，覺得做生意很不誠實能坑則坑能貴則貴（可能這邊大多賺觀光客的錢）依據常客建議：大概先加50元逛一圈綽綽有餘（又聽民宿說加70逛兩圈）接著是「景點」風景在至高處的確令人心曠神怡但是旅遊多了的人，會覺得還好這邊不但古蹟還沒維護好由於過多粉塵，風大使眼睛容易進沙乾澀（請攜帶墨鏡，擦好防曬）可以知道的是，繞一圈景點不需要一小時有天然的優勢但是人為過多的破壞導致×朝日溫泉×讓我失望×人口沒有管制 店家急於賺錢×這種感覺容易破壞旅遊的興致「活動」方面，可以釣小管，浮潛，潛水……這些都是島型國家會有的活動，所以心得是不太一定要選這邊會來這邊的人，大多也會只做這些活動因此愛好美食或是文化之旅的人這邊不太推薦「美食」部分，真的沒東西可以滿足愛好美食的玩家，東西又貴，會讓心情大受影響，當下會認為24hr的便利商店是你的好夥伴建議：敢吃羊肉的朋友，可以試試鹿肉這邊常吃的是BBQ，可能不知道晚上到底吃啥好（是有鹽酥雞，熱炒等等正常食物沒錯）如果釣小管後要請人幫料理可能要先詢問價錢雖然我們那次出船的戰績不太好但是食物處理後份量還是很多多到吃兩餐？讓我覺得很坑的是：店家說料理200元/盤，但是會幾盤不知道結果，煮了一餐六盤吃飽後，還有下一餐，說隔天中午再料理剩下未煮的這表示：大家（約六個人）要share兩次的料理費用，不含飲料（murmur: 咦，魚不是我釣的嗎！食材是我提供，為什麼要這麼貴的料理費用，還分兩次坑，不解）最後貢獻：與其他旅客吃飯聊天的過程中發現連民宿喊的價格也差太多（就算包的行程都一樣）價差可以遠差一千以上，希望各位玩家來不要當冤大頭啊！以上經驗分享，僅供參考^^~
"
綠島鄉,“與期待有落差”,"
與金門澎湖比起來，綠島算物資相對匱乏的景點，因此在吃與住的方面，只能算尚可，因此在出發前要有心理準備，此外綠島旅遊若遇上天候不佳，很容易敗興而歸。綠島的景色很美，但為了因應觀光客，綠島開發中的土地越來越多，常可見綠色的山丘下是一片空地，算是美中不足的地方。我們這次主要目的地是朝日溫泉，因為是海水，泡完後會有輕微的濕黏感，算特色溫泉但泡起來感覺尚可。若是喜歡浮淺／戶外活動／夜遊，綠島是不錯的景點若是喜歡嚐美食／購物／文化觀光，綠島就不太適合了。
"
綠島鄉,“悠遊綠島”,"
來到了綠島，除了美景外，還可以浮潛，住在美麗的民宿裡，一個小小的島卻像是台灣的縮影，這裡什麼都有，很方便，希望綠島越來越進步。
"
綠島鄉,“年年進步”,"
幾年前旅遊過一次，當時還較純樸現在雖然有點開發過度但是加入了人權文化園區還有用新的導覽員讓我重新感受歷史的震撼以及小街道上的藝術性小店真的很棒毆!
"
綠島鄉,“麻雀雖小五臟俱全”,"
騎摩托車快速瀏覽只需不到一小時的時間，但是在這小島上卻有美麗景色以及淳樸的地方民情。建議租一台機車，放慢速度，好好的把自己放逐到這島上，過個慢活的生活
"
綠島鄉,“可以很放空的地方”,"
天然的景色,大自然的作品,島上的民俗風情,白天的海風,海底下的生態,晚上的海浪聲,無光害可以看到銀河的沙灘上...這一切都可以讓人很輕鬆不用思考~放空看看這美麗的景色
"
綠島鄉,“綠島潛水之旅”,"
非常美的地方~水清~海藍~天氣一級熱~但是路況不是很好~pizza超好吃，只能說這是一個淺水的天堂。沒有淺灘.沙灘。民宿的老闆娘很親切，晚上也有夜釣小管的活動。
"
綠島鄉,“綠島不錯玩”,"
騎上機車環島一週，好多景點喔！有燈塔，有哈吧狗島，美人島，有國際聞名的朝日溫泉，有保育類的昆蟲，有美味海鮮，以牢房為主題的冰店。夜遊解說非常詳細，浮潛更是好玩（近距離觀賞海底世界）
"
綠島鄉,“生態之旅”,"
彈丸之島卻有著廣袤的綠原梅花鹿群的群起坐落在其中的監獄正當騎著機車呼嘯而過時猶可發現椰子蟹正在路道旁奔馳一整日來點海草冰解解夏日的海天
"
綠島鄉,“一天造訪，一生難忘”,"
騎機車就能一天造訪時速記得要調整為漫遊速驚喜處處在，看到梅花鹿蹤影是令人感動之事民宿接待情，特色美食無處比
"
綠島鄉,“美麗綠島”,"
早晨的綠島、烈陽下的綠島、黃昏的綠島、晴天的綠島、下雨的綠島......當您仔細觀看感受，綠島的美在不同的角度、在不同的天候，皆會呈現您意想不到的、令人驚豔的美~~~~~
"
綠島鄉,“美中不足”,"
綠島廣闊的大海以及夜晚毫無光害的天空，是讓人絕對無法忘記的美景。但美中不足的地方是，由於太過度的發展觀光，以至於到處都擠滿了觀光的人潮。不管身在何處，時間多晚，摩托車幾乎會不停的從你眼前經過。尤其是著名的朝日溫泉，所有的溫泉池都是完全的客滿，雖然客人的流動率很高，但仍然很難讓人專心享受溫泉。儘管如此，綠島還是一個很適合度假的好地方，如果不介意大量的觀光人潮，仍然推薦前往
"
綠島鄉,“也是開發與保育衝突的美麗島嶼”,"
若您喜歡戶外天然景致,綠島是個充滿魅力的地方,騎著車子,每一個轉彎都充滿驚奇,海水與氣候雕塑著美麗的小島的陸地,海洋裡的生態也是生意盎然種類繁多,更特別的是海邊的溫泉,只是更新後,尚未嘗試過,不曉得泉水是否還是跟原來一樣?!!私心希望,綠島跟蘭嶼一樣不要有太多的開發,讓海風吹著旅人放鬆的心...~
"
綠島鄉,“體驗一下特別的小島風情!”,"
非常令人放鬆的地方，簡單、悠哉。騎機車吹海風就很享受，壯觀的海景、山景映入眼簾，大自然離你好近。燈塔很漂亮，浮潛看到的魚更美麗，綠島大哥就在你身邊。鹿肉料理夠你吃，紀念品名產小店夠你逛。另推薦敲敲門民宿，老闆們非常友善、房間走童話夢幻風格、早餐很豐盛、有吧檯可以喝小酒聊天，並且能提供你綠島的許多資訊，從各種玩樂行程規畫到綠島文化、生態圈的深入了解，很棒!
"
綠島鄉,“維妙維肖的忠狗與睡美人”,"
睡美人岩與哈巴狗岩位於綠島的東方，是綠島最著名的景點，從海參坪遠眺，可以見到睡美人靜靜地躺臥在海面上，白色的沙灘是她秀麗的長髮，而垂著長耳朵的哈巴狗靜臥在不遠處。在天氣晴朗時，湛藍的天空、碧藍的海，白軟的雲朵，色彩鮮明如畫，加上大自然鬼斧神工雕鑿出的岩像，這樣的鋪陳充滿了童話與魔幻感；而在雨霧飄渺時，朦朧的雨霧彷彿為他們籠上一層輕紗，他們睡得更香、更甜。睡美人岩與哈巴狗岩在碧藍的綠島形象上增添了些許淺淺粉紅的氛圍。
"
綠島鄉,“無拘無束優遊自在”,"
在綠島騎機車環島真的是非常愉快的經驗，浮潛的景色美極了，堪稱全台之冠，又可以順便去台東，從台東搭船前往只要40分鐘，船行平穩舒適，全船旅客沒有看到有暈船的！
"
綠島鄉,“休閑的車遊和刺激的潜水”,"
騎上摩托,這個漂亮小巧的島用上幾個小時就能看完。有三個主要的潜水區:Chaikou, Shilang, 和Dabaisha。我們最喜歡Dabaisha。所有的“沙灘”之前都有珊瑚後來下沉到海里。所以不適合在海浪里玩。但是潜水真是太棒了。我建議你自己帶面具,呼吸管和暗礁鞋。看遊客們潜水的潜水觀光才有趣呢。每個人都有一套潜水衣,救生衣和救生圈。他們會坐在一個地方餵魚。這多不划算! 如果你自己帶裝備可以節約不少錢,可以玩更多的地方。騎摩托車是小島觀光的最佳選擇。島上幾乎沒車,所以沒有高雄或台北那麼恐怖。我們住在村,餐館商店都很近。如果你能講中文,你可以打電話給酒店,讓他們安排服務套餐,包括渡輪票,房費,租摩托費用,還有溫泉票。那裡沒有什麼高檔的酒店。島上的小長城(路上就可以看見),照日溫泉和Sika鹿生態公園都是值得参觀的地方。橫跨小島的路難以置信地爛,提及它的不多。如果你想鍛煉身體可以去,如果你只想欣賞風景,那還是不用去。總之,是一個待上兩三天的好去處。
"
綠島鄉,"“遠離台灣海岸的小島,很棒”","
我覺得最棒的就是騎自行車環島旅行,水肺潜水還有逛Nanliao街上的那些小店。小島上很多人都摩托車,所以或許騎自行車環島遊不是最好的選擇,但是我確實這樣做了,騎了三個小時,非常激動人心,我一路上停下來了幾次,欣賞了欣賞令人驚嘆的美景,拍了些照片。你要是來綠島,水肺潜水是不容錯過的哦,對於我這樣的潜水新手以及大多數來島上的人來說,都覺得水下的景色真是美得令人出乎意料啊。不要擔心晚上沒地方去,港口旁邊有些很不錯的小商店,其中最令我難忘的就是明信片店。拿出一两天的時間,到島上放鬆一下真的很不錯哦!
"
綠島鄉,“綠島”,"
綠島是台東縣邊上的一個小島,現在作為觀光勝地很有人氣,以前還是專門用來關押犯人的監獄呢,一般人去不了的。我去旅遊的時候,以前關押政治犯的監獄正在進行展示,看看裏面的狀況和展品就知道這個國家的歷史有多沉重了。小島一圈只有20公里,租一輛自行車是最好的了。雖然那裡也有出租車,但很少見。自從日台相互駕駛執照制度實行以後,日本的駕照在台灣也能用了,就能去租車了,不過他們都沒問我要駕照就接了輛125cc的車給我。而且很少有人騎摩托的時候戴頭盔。不過這裡能看到很多鄉間的風景。島上有朝日海底溫泉、睡美人岩、觀音洞、監獄遺址等等。溫泉的水溫會因為當天海水溫度的不同而不同,我去的時候感覺水有點涼。而且要穿泳衣,就是一般的海水浴吧。去綠島要從台東坐船或飛機去,船慌得很厲害,我都暈船了。
"
綠島鄉,“綠島——充滿鄉村氣息的景區”,"
綠島很美。我是因為看了旅遊書的推薦后決定來的。但是,我不得不說離開綠島時,我大失所望。從飛到那兒的那家飛機說起吧,飛機非常小,有點兒讓人擔心它的安全性能。接着,我花了一大筆錢住了一家又小又臟、問題多多的酒店。我住的客房裡就一張床、一個梳妝台和一個電視機(沒有有線電視,也沒有英語頻道)。綠島是一個保護地非常好的自然環境聖地。整座島嶼被珊瑚礁所環繞。這讓在那兒潜水變得非常有意思。但是除了潜水和有氧潜水外,你不能下水。所以,呆在這個炙熱的島上,但是你卻不能到海里游游泳。最後說下,廣告里宣傳的海水溫泉髒得很,每次我們去泡,不是這個池子關着就是那個池子關着。水療也沒廣告里吹得那麼好。這讓我感到很失望。我的孩子也一直覺得很沒勁。
"
台東森林公園,“騎腳踏車是最好的遊園方式”,"
公園入口走進去就有方便租腳踏車的地方,各種車型都有,包括小孩子的腳踏車,騎到琵琶湖,海洋劇場,活水湖都不會太遠,風景優美！
"
台東森林公園,“很大的公園~~”,"
這個公園還不錯，感覺真的有在森林的感覺~很大，我們有租腳踏車，在裡面騎騎走走，亂拍照也花了兩個小時吧~公園靠海邊，海邊有個地標，很大的相框
"
台東森林公園,“人少時也有靜謐之美”,"
這一趟「台東-花蓮197-193單車三日行」沿山海自行車道至台東海濱公園，因碰巧路過寫著「台東森林公園」的大石頭，考量下午還有全然陌生的197線道行程，便將不及仔細欣賞的台東海濱公園景色，留待下回有緣再續，將單車迴轉改走銜接森林公園的小吊橋，再訪至今每到台東必至的森林公園。去年因不小心提早一小時至台東之美半鐵賽會場，因此有機會騎單車繞行了森林公園，之後回家上網查詢得知森林公園原是海岸防風林，後經規劃整建才有今日風貌。去年因時間限制只能走到琵琶湖畔，未及騎過拱橋，這一趟由台東海濱公園方向騎進來，推測應即能銜接至琵琶湖畔拱橋，果然不出所料，算是圓了行程。去年可能因先看到森林公園三湖之一、水量豐沛的鷺鷥湖後，才到琵琶湖，因此對琵琶湖有對比之下「像是較大的生態池」的感覺，今年由另一頭切入，觀察的角度有別，發現琵琶湖別具婉約之美，去年生態池的比喻似乎失當，每個湖顯然也各有自己的風格，雖然琵琶湖水量依舊不算豐沛，但那可能原就不是她的風格。可能正是婉約的氛圍吸引，三兩遊客在突出湖畔的涼亭與湖對望而坐，讓森林公園添上幾抹悠閒的色彩。駐足片刻，領略風采後，續由小徑騎往活水湖，想起三年前在宜蘭梅花湖半鐵賽前一天試游時，因一位朋友告知「台東活水湖清澈見底」觸發想來一探究竟，才和N年沒來過的台東建立起這幾年的緣份，讓大腦的Image多了些鮮活，並增添幾分靈魂的底蘊。第一次不是因半鐵賽而來，加上日正當中，豔陽高照，因此也第一次看到沒有人潮的活水湖。雖然活水湖是個人工湖，但在森林公園三湖中，卻給出另一種可以直接徜徉其中的親切。由湖畔階梯轉接中華大橋待過橋左轉197線道時，因前途未卜，有時間的壓力，忘了再回眸一觀森林公園，但人少時也有靜謐之美的Image，已長留不去。
"
台東森林公園,“環境優美”,"
整個公園在盡量保留原始環境下規畫動線，騎腳踏車在公園內遊覽風光，有可以連接到海濱公園，讓人有慢活的樂趣。
"
台東森林公園,“美麗的托斯卡尼小鎮”,"
在冬日來到迷人的托斯卡尼小鎮，參加三小時的導遊行程，透過導遊的解說，對於西恩那的歷史有更深入的了解。步入博物館，來到最高點，小鎮風光一覽無遺，景色令人屏息。一年兩次的賽馬大會，雖未親臨現場，但從導遊的詳述中，很能體會小鎮鎮民對於身為西恩那人的驕傲與歸屬感。希望有朝一日能再度重訪。
"
台東森林公園,“騎乘單車漫遊在森林中，太棒了！”,"
門口可租車只要NT$100，按次計算任你騎一整天。不妨以森林公園為起點，沿著環市自行車道暢遊臺東市。森林公園很大、景色優美，可在美麗的琵琶湖畔歇息。
"
台東森林公園,“景色怡人 湖景優美”,"
景色怡人，腹地很大，若時間多可安排一趟森林浴， 若時間不長建議租借腳踏車可騎單車遊三個主要湖景，台東值得一遊景點喔!!琵琶湖,活水湖我特別喜歡喔
"
台東森林公園,“很適合騎單車”,"
乾淨 風景好 又有兒童遊戲區 因為我們住在附近的民宿 所以可以免費使用民宿的腳踏車 直接騎到海濱公園 再連到森林公園
"
台東森林公園,“休閒的去處”,"
在台灣幾乎沒有一座公園如此的接近城市。 為廣地的植被與綠地覆蓋，在此騎腳踏車、看風景都令人心曠神怡。 景色有許多變化，可以看海，看河，看湖，看農田，及遠眺都藍山。
"
台東森林公園,“風景美 一年四季皆可去”,"
冬天是台東旅遊淡季，這次去不論山上海邊都很冷風很大，唯獨森林公園因周遭有樹環繞擋掉不少冷風，風景有森林又有海。騎著腳踏車慢慢逛可以花掉半天，幾乎是平路很好騎，適合各年齡層。腳踏車可以到森林公園入口馬路對面租車行，一台100元比較便宜
"
台東森林公園,“要懂得騎單車”,"
是個大公園，香港朋友去，要懂得騎單車才好，路又大，結伴朋友都要懂喔，沒有載人的車啊。用腳走的話，只能去好少地方，琵琶湖是個景點。
"
台東森林公園,“到台東必逛景點”,"
到達森林公園在門口租了一輛單人腳踏車,一輛100元就可悠閒的吸收芬多精跟看看廣大的綠地真是很舒服樂活
"
台東森林公園,“可以待一下午的安靜恬然好地方”,"
台東森林公園非常的大，還有活水湖、琵琶湖等大型湖泊，在入口處租一輛腳踏車，就可以和情人或朋友們，在裡面慢慢地騎腳踏車，逛一整個下午，非常舒服的好地方
"
台東森林公園,“聽見森林的呼喚”,"
台東森林位於台東市區中山路底,為林務局負責管理的防風林綠地, 森林園區分為:琵琶湖與鷺鷥湖兩條路線,在森林公園中可盡情騎乘腳踏車漫遊 ,沿途花木扶疏甚是愜意, 公園中種植為數不少的木麻黃,林相甚為蒼鬱故有媲美德國黑森林的美名.
"
台東森林公園,“適合散步放鬆的好地方”,"
台東森林公園整體感覺讓人很放鬆, 步道很多, 都很好走, 適合散步. 公園內除了森林還有湖, 湖邊的感覺特別好, 空氣特別清新. 時間夠的話, 可在湖邊喝茶, 喝咖啡, 放空. 享受森林與湖水完美結合的幽靜.
"
台東森林公園,“好水”,"
台東人散心、家庭聚會的好去處,好山好水好風景,即使是一人獨自漫步,也是相當好的選擇!有時會舉辦體育賽事,可以成為台灣體育競賽場地的第一選擇!
"
台東森林公園,“享受晨光、藍天、綠地、清湖......森林浴”,"
由於前一天三鐵半程賽報到時忘了拿秩序冊，以至於想起來還沒搞清楚隔日開賽時間，再到福康飯店時工作人員已撤攤，經櫃台小姐幫忙聯絡到裁判，得到「07：00前放車，08：00開賽」的答覆。隔日依此Schedule作業，吃完早餐上路時，發現一路上沒有如去年般看到其他賽友，一陣緊張，心想應是時間有點偏晚，於是加快自行車速，於06：40趕赴活水湖旁。不料一看傻眼，車架上空空如也，一台車也沒，轉赴服務台詢問，確認原來應是「07：50前放車，08：30開賽」，難怪路上沒人，於是多了一小時的時間，正好可以先來一趟台東森林公園的單車森林浴。由於森林公園頗大，先恣意悠遊，不經意來到去年5K路跑曾經過的湖泊，由導覽地圖得知為「鷺鷥湖」，往左一看，果然三、五鷺鷥正成群飛起，右邊則有女子正晨起靜坐湖畔。經過涵洞，再到另一側的「琵琶湖」，發現延伸的湖心平台成為知名取景點，湖水則不若「鷺鷥湖」般豐沛，較像生態池，各擅勝場。經指標往活水湖畔騎，藍天與偌大湖水掩映，微涼的風、溫暖的陽，已見賽友紛紛進場，能在賽前先來一趟森林公園悠閒騎，真是人生一大享受。今年3K路跑賽道變更，最後一段正好就是早上先活水湖再琵琶湖的反向路線，感覺上較去年好很多，由於早上湊巧事先熟悉了路線，跑起來多一分自在，讓今年可以更輕鬆卻也同時提昇了成績。賽後到湖畔草地席地而坐，優景美地搭配活力賽會，豔陽下，湖中有人意猶未盡，正享受無競賽壓力的悠游，對比香港正面臨「佔中」對峙「清場」的關鍵時刻，突然感到朝代週轉，唯生命活力傳承歷久彌新，有空還是得多運動，有生之年，或許也免不了要被時代潮流捲進，屆時若需為下一代也能這般「自由地在優景美地恣意悠遊」而戰，也才有足夠的意志和體力。
"
台東森林公園,“美麗的琵琶湖”,"
再次騎著單車拜訪朝朝暮暮思念的森林公園心情愉快極了頂著炙熱的陽光進入到翠綠的林木間陣陣涼意 上身聽著鳥鳴　暢遊琵琶湖畔再多工作的疲倦　勞累也會因為到此一遊而得到解脫
"
台東森林公園,“寬廣的綠地，霞光沖天的日落時分”,"
騎著單車在森林公園中感受優閒的下午時光，視乎每個人的腳步都慢了下來，就連跑步的身影也顯得悠閒!!單車道跟活水湖、琵琶湖間規劃的很不錯，距離市區如此接近，跨過一條馬路、一段圍牆有如此接近自然的環境真是非常幸福!當天日落時，沖天的晚霞為森林公園點綴超溫暖的色溫!
"
台東森林公園,“在太陽不大的時候適合騎單車或散步”,"
不要想太多, 會有更多的驚喜...廁所和垃圾桶不夠密集; 只有樹木, 沒有樹蔭; 每個湖都要走去看看
"
台東森林公園,“美麗靜溢的琵琶湖”,"
倘佯在蔥翠的林木與碧水之間, 整個心情被融化了,享受靜默與安詳如果不想花一兩個小時腳踏車, 依照google導航至琵琶湖. 可從台11旁的小路開車或騎機車進去, 會經過一個土地公廟, 再往前停好車, 走路進去十來分鐘
"
台東森林公園,“適合全家一起旅遊的好地方”,"
佔地很廣，適合一邊吹著微風一邊騎單車，景色也很美，尤其是琵琶湖，它是一活水湖，很多人來著就是為了與它拍照留下美麗的回憶，再來順著出口出去，可到海濱公園，有機會一定要來一次哦。
"
台東森林公園,“最美的湖最棒的日出”,"
這裡交通方便離台東市中心只要十分鐘的腳踏車距離，早晨欣賞完日出後，還可以到活水湖畔騎單車或慢跑步行，怕太陽的也可以走走黑森林的環湖步道～　人生最棒的風景呀
"
台東森林公園,“印象 琵琶湖與海濱公園”,"
台東森林公園佔地大,離台東市區很近!是早晨或近傍晚騎單車的好地方。樹林間的空氣好透徹!印象最深刻就是琵琶湖與海濱公園了!琵琶湖真心美麗,綠意盎然倒映在湖水上，很放鬆很愜意。而臨海的海濱公園,涼爽海風,可以眺望整個太平洋。很喜歡台東森林公園,比原先想像來的更驚艷意外,原來這裡是一個那麼棒的公園!來台東必去景點之一。
"
台東森林公園,“幽靜處所”,"
騎著腳踏車進入台東森林公園~你會發現!""心""沉靜下來了!!好漂亮的湖泊、好美麗的景色、好舒服的環境!!
"
台東森林公園,“單車漫遊好所在”,"
每回到台東市區拜訪,一定會選擇這裡,因為一旁有台東海濱公園為伴,是容易親近海洋的地方.森林公園樹木茂盛,亦有寬廣的綠色草皮,加上單車租賃就在一旁,不想炎炎夏日拜訪公園,最適合的方式就是單車漫遊.美麗的琵琶湖還有廣大的活水湖都是眺望綠意的好地方,在都市待久了,很喜歡這樣可以悠遊的森林,除了能認識植物,幸運的話還能觀鳥,一舉兩得.
"
台東森林公園,“藍天白雲”,"
在台灣，甚麼是藍天白雲，我在那裏看到，飛機低空飛過，好興奮，空氣中沒太多污染，陽光雖很大，但是很健康，有如世外桃源
"
台東森林公園,“夏日炎炎”,"
夏天不適合,蚊蟲超多,超熱~,建議一大早太陽沒完全出來比較恰當;且騎自行車的路線規劃不好,很多人橫衝直撞
"
台東森林公園,“出來散散心”,"
公園十分廣大.樹多到有森林的感覺,內有琵琶湖,水很清澈.很漂亮!公園很幽靜!是個適合來散心的地方.但是小黑蚊有點多~森林公園離海濱公園很近,走路就到的了
"
台東森林公園,“騎車，散步好去處”,"
有樹蔭，有湖水，風景不錯，可以享受寧靜，享受蟲鳴鳥叫聲，很舒服的地方，騎車標誌也很清楚，步道平整，夏天的好去處～
"
台東森林公園,“琵琶湖”,"
閒來台東，我們先逛逛公園吧。我們把車停在海濱公園，再穿過一條綠水橋，我們就慢慢地散步至森林公園的內部。這一個森林公園，地方非常大，是騎車的熱點，所以大家有公園漫步時，要小心前前後後左左右右，因為經常性會在突然之間，不知在那一個方向殺出一步單車在你附近。這公園內，最出名的景點就是琵琶湖，我們從木板路走到石路，在琵琶湖的中央過橋，小湖末端有一個小小的渡頭，往盡望出去便是大海，是好多情侶拍照之地，我們一家人，當然也輪著在這一個地標留影。邊漫步，邊聊天，不知不覺，我們三位年青人已被老人同小孩拋離.....小朋友後來說了一句，""呢個公園冇野玩"" 他說這話的原因就是因為這公園沒有兒童遊樂場....
"
台東森林公園,“很棒的生態公園”,"
喜歡在這裡跑步哦，往左、往右 跑一圈，這裡的公園好大哦，應該真的是叫森林吧。您也可以選擇騎自行車哦，只是自行車有點貴就是了。還是跑步最實在啦
"
台東森林公園,“琵琶湖 風景優美的自行車路線”,"
到公園門口，租了自行車，往琵琶湖前進，在冬天的陽光下，令人有神清氣爽的感覺。湖水清澈，伴著湖邊樹木的倒影，彷彿到了世外桃源。
"
台東森林公園,“很享受騎車樂”,"
能夠很自在很安全的騎單車又有森林式芬多精步道整個園區還有人打槌球 散步遊客也很多是一個適合全家旅遊的好地方
"
台東森林公園,“悠遊自在”,"
這是一個很適合騎腳踏車逛逛、繞繞的地方，當然也可走路逛，但會超累的就是，所以最建議租腳踏車繞繞（約一百，要看車款），最愛琵琶湖^_^
"
台東森林公園,“名不虛傳清澈見底的活水湖”,"
由於台灣鐵人三項的開放水域幾乎都有水中能見度不及一公尺的缺點，久聞「活水湖清澈見底」，是這次去台東參加鐵人賽最大的誘因。當日探勘場地抵達森林公園活水湖時，正近黃昏，雖無夕陽，但天空仍舊湛藍，白雲也有多種風采，加上涼風輕徐，真所謂心曠神怡，對森林公園留下一個超好的第一印象。從旅遊地圖上看，森林公園很大，這次時間有限，沒能多作瀏覽，就隔日『暢游活水湖，果然即使在數百人的翻滾下，湖水依舊清澈見底。及路跑時一段經過森林公園的2.4公里路程，觸眼「藍天、烈陽、樹蔭、小湖......」，加上樹蔭忽而在左，忽而在右，眾跑者為了躲一下威猛無比的太陽公公，也忽左忽右地跑著追逐樹蔭，與自然交織出一幅活力、汗水、趣味…… 』的畫面，很感謝台東森林公園讓此行留下一個充滿生機的回憶。
"
台東森林公園,“台灣台東森林公園”,"
原本以為只是普通的公園，去了之後發現那應該可以算是自然生態保護區吧！還蠻大的，沒有腳踏車會走很久，很漂亮，我去的時候剛好人很少，天氣又很好，真的會以為自己來到仙境。而且也有規劃自行車步道，經過森林公園和濱海公園（看的到太平洋），在繞過市區（台東火車站附近），步調很慢，若想放鬆心情，很值得去！
"
台東森林公園,“空氣清新的好地方”,"
位於台東市內。可騎自行車前往，其中的琵琶湖更是徹美麗。可坐在湖邊涼亭內享受美景及徐徐微風。濱海公園的造型涼亭也相當美麗呦。
"
台東森林公園,“超美的！”,"
沒想到台灣也有這麼漂亮的地方！真是太美了！不只有琵琶湖、活水湖，海濱公園也很讚！隨意漫步或騎腳踏車都很棒！待一整天也不會膩喔！
"
台東森林公園,“森林景緻和海景兼備的美麗公園”,"
好幾年前來過琵琶湖，那時候就感覺很幽靜，今年再度造訪，整理過後又有另一番景緻，湖水碧綠清澈，租輛自行車穿梭在林間，一段距離後還可眺望大海，景色宜人，也十分適合親子共遊。
"
台東森林公園,“就是森林公園”,"
維護得很好，很自然的人為部會覺得很觀光的感覺琵琶湖裡也有另一座森林活水湖就像一個大型的游泳池有個大土丘可以鳥瞰台東市看見綠島在那租一台腳踏車慢慢在裡面繞一繞真的很棒
"
台東森林公園,“林蔭水清的天然公園”,"
非常難得在市區裡有這樣一個佔地廣大，有樹林有湖泊的好地方! 我們可以健行或騎腳踏車徜徉陽光清風中，繞行琵琶湖、活水湖、鷺鷥湖，頗有偷得浮生半日閒的輕快....
"
台東森林公園,“臺東市的後花園”,"
開闊的臺東森林公園距離臺東市僅幾分鐘車程，沿著馬亨亨大道即可到達，是一處令人流連忘返的公園，沒有過多的人工造景，觸目所及盡是讓人心情舒暢的自在氛圍。滿是綠意的臺東森林公園，非常適合騎著單車悠遊，享受一場與自然共舞的時光。
"
台東森林公園,“設備仍不夠完善。”,"
單車租的有點貴，因為公園大概一個小時就玩透了，租車卻要100~150/每次。而且公園內的行人步行區與單車共用，在炎熱的台東，是非常晒的，園區內也沒有可以買水喝的地方。但不得不說，琵琶湖真的很美，
"
台東森林公園,“台東森林公園─美麗的琵琶湖”,"
之前到台東總是以吃小吃玩台東，偶然一次去了台東森林公園，公園很大可以騎自行車，騎進公園會發現，有個非常漂亮的琵琶湖，推薦大家一定要去看看。
"
台東森林公園,“A great place for cycling and jogging.”,"
這是我第三次來到森林公園，每一次都有不同的樣貌。除了漫步其中外，租台腳踏車是也是可以好好看她的一種方式。三個在公園內的湖，各有千秋。腦袋放空，好好的享受有著海味的森林浴。
"
台東森林公園,“享受森林spa”,"
一定要到水流腳底按摩步道走走讓你的腳底暢快無比,是夏天最好的避暑勝地.其他還有水生池,有各種水生動植物生態豐富,還有觀林吊橋也值得一遊.
"
台東森林公園,“台東最美麗的琵琶湖在這裡”,"
台東森林公園是台東最美麗的公園，公園裡有三個湖，其中一個自然湧泉形成的湖，名曰琵琶湖。在琵琶湖，無論從哪個角度，眼前都是一幅畫，由湖水、綠意、白雲、藍天交織而成，我心中唯一可以形容的字，唯美。
"
台東森林公園,“不理想”,"
很適合情侶出遊或是帶著小朋友玩的地方 空間很大 特別是可以租單車 到處晃晃攜帶外食到公園裡面野餐 也是很棒的享受 但是要注意公園蚊蟲很多 也找不到垃圾桶 所以還有滿多亂地丟的垃圾
"
台東森林公園,"“空間很大,很舒服,可惜腳踏車租賃處不友善”","
空間很大,很舒服,鷺鷥湖很美,濛朧細雨中,更有一翻感受,腳踏車租賃處不友善,租到爛車,雖然很快更換,但事實以經發生,也影響旅遊性致
"
台東森林公園,"“像台灣本土人一樣,在雨林中徒步旅行,欣賞瀑布景觀”","
我和幾個朋友去遠足了,爬了很多很多台階,沿途有各種各樣的樹木和植物。我們一路上欣賞風景,玩得特別開心。
"
三仙台風景區,“三仙臨駕~海岬生風^^”,"
美麗珊瑚環四周~遙想當年三仙臨~八拱長虹引人趣~眾人皆嘆造物奇~何妨追尋仙蹤去~再探岬島綠森林~勿忘留影回憶曲^^
"
三仙台風景區,“礫石的海灘~”,"
風景確實不錯，如果沒有去過的話，可以去看看~進去停車的時候，是要收清潔費的。不過也沒有其他地方可以停車 XD
"
三仙台風景區,“海天一色的美景。”,"
這裏如果想要拍出好景色，光線很重要。因為陽光灑落至海上時，可以拍出深淺不一的藍。另外，可以到礫石灘聽海浪的聲音，很特別。
"
三仙台風景區,“有山有海，驚喜連連”,"
除了著名的八拱橋外，清澈見底的海水，還有林投樹環繞的木棧道，奇巖的海岸，再登上陡峭的石梯到小燈塔看海景，吹著徐徐海風，等看落日，渡過一整個下午也是樂趣無窮。
"
三仙台風景區,“三仙台的海岸風情 美炸了”,"
藍藍的海配上橘黃的夕陽，眼前的美景就算坐一下午也很值得! 走到沙灘的路上會先經過小樹叢圍繞的步道，走著走著會期待看到海景的那一刻。另外，石頭海灘的優點是可以放心的下海玩不會有清理沙子的困擾。天氣好的時候，海上會有不同的光澤很漂亮，不過太陽也相當大建議可以帶陽傘、帽子或塗抹高係數防曬乳。連結小島的拱橋有體力的話可以走走，因為橋上欣賞到的海岸風情很不一樣!
"
三仙台風景區,“觀山觀海都很棒”,"
雖然路途遙遠尤其對騎機車的旅客們，不過還是建議旅程時間許可的話一定要到這來看看，沿途花東縱谷公路的沿途風景也很漂亮，再走跨海橋過去島上，美不勝收；往三仙台的路途上也有其他小景點可走走停停觀賞，像是小野柳和富岡漁港，回程有水往上流台東奇觀可以欣賞喔!
"
三仙台風景區,“很美”,"
雖然是陰天去，但海水顏色卻美得出奇，想必晴天時更美~來回約兩小時，八個拱橋後的小島上有著從未見過的景致，一定要登島走走。
"
三仙台風景區,“天氣好的海景太美了!”,"
海又藍又翠綠，天氣好可以看到很遠的船隻，景色很美，只是風很大，不容易拍出頭髮整齊的照片，還是用眼睛看風景就好
"
三仙台風景區,“特殊8拱橋建造，連結小島”,"
看曙光，賞美景的好去處，需要點體力步行！本島這有小石海攤，有點像小型的七星潭，小島則有座小山，喜歡爬山踐行的可以試著爬上高處，又會有不一樣的美景進入眼簾。小島上有小動物會躲在路邊草叢，幸運的或許可以看到。
"
三仙台風景區,“風超大~~~”,"
風好大~~ 頭髮完全不再控制之中，整個風景區也好大，要全部走完可能要花一段時間，過橋後有座小島，島上有很多地方可探險，但我們因為去的時候寒流來，風太大、太冷而作罷，下次想再去一次!!!
"
三仙台風景區,"“雲層厚,沒看到壯觀的日出”","
2015年元月2號來此地觀日出,等到6點半還不見日出蹤影就走過橋到對面的小島,本來前幾天在台南跨年結果場地不好地面都是泥土導致相機很髒沒清然後這次在三仙台被一陣大浪噴得全身溼包括相機就狼狽的走回停車場真是倒楣.
"
三仙台風景區,“必逛景點”,"
雖然沿路吹著海風還是要來熱血參觀一下的景點,拍照的好地方,一望無際的海線,好看的拱型橋,一定要走到橋的另一端
"
三仙台風景區,“時間點~錯了....”,"
這天到了三仙台，是今年的冷氣團報到，所以也下著毛毛雨，一眼望去，風浪很大，一路都是低著頭在走，走到了橋上，也是一步一步慢慢走，超怕會~跌到，雖然下雨天真的是讓人拍不出好照片，但這麼漂亮的地方，大晴天去一定是一個會讓人瘋狂拍照吧!只能怪我們挑錯時間前往囉~
"
三仙台風景區,“八拱橋上看海，很棒”,"
我們去的那天，海浪很大，在橋上觀浪，真的很壯觀，但要小心海風太大，走路會不穩。和情人散步、欣賞美景很浪漫，切記衣著要小心，因為海風會讓人變瘋婆子。哈哈
"
三仙台風景區,“三仙台，被遺忘的八拱橋後的美景”,"
三仙台，非常有名，源源不絕的團課遊覽車，讓很多喜歡幽靜的遊客卻步．但其實只要你願意花時間，走過八拱橋，環繞三仙台一圈，爬上燈塔．你會發現辛苦是有代價的．人跡罕至，眺望海岸美景與大自然的鬼斧神工．即使是住在長濱鄉的我，也常到三仙台燈塔上多次仍不厭倦ㄡ這就是三仙台自然的魅力．
"
三仙台風景區,“豔陽擋不住熱情往前衝”,"
帶著一對大陸恩愛的老夫妻環島遊 當走進園區時以為今天的海面是風平浪靜 沒想到在橋的另一邊很明顯的有很大的差別 雪白的浪花不斷的衝擊著老夫妻的情緒 雖然是頂著近37c的豔陽溫度 平常很怕曬太陽的它們 依然往前衝 就為了捕捉最美的景色 當車導的我除了要陪伴他們幫忙找到最美的角度外 還要幫他們拍出最美的神韻才是他們最感動時刻三仙台
"
三仙台風景區,“花東海岸缐亮點”,"
遠眺三仙台拱橋海天一線，親自走上拱橋感受海風的吹拂，是二個不同風情的感動。雖然夏天的豔陽讓人想躲在冷氣房內，但是三仙台的美值得走一遭！
"
三仙台風景區,“超讚的三仙台”,"
超讚的美景，一定要親自來！！自然的風，開心的陽光，美麗的鵝卵石海灘，湛藍的海，走在跨海的拱橋上，一定要親自來才能領會這樣的美景！
"
三仙台風景區,“風景很漂亮”,"
1.欣賞大自然美景。2.歲月雕刻的痕跡。3.體驗大自然。4.天然的就是不一樣。5.融入台灣本土信仰的特色6.是一個值得再去的好地方。7.三仙台真是個有三則鳴，有水則靈。
"
三仙台風景區,“好棒的風景”,"
只有一座橋就登上一座小離島去冒險，雖太陽大，但也登上橋在還跟橋中間照照相看看海，風景好。還有原住名小朋友為自己籌學費，在表演舞蹈，這樣精神真棒
"
三仙台風景區,“小小的傳奇故事”,"
跨過八仙橋上去陸連島可人好好在島上度過一整天的時光,享受島上魯賓遜的奇遇體驗,島上有合歡洞需要有手電筒進入,別有一翻味道.上去陸連島要準備乾糧及礦泉水才不會餓肚子.
"
三仙台風景區,“美麗的海岸 髒亂的石頭灘 沒有規劃的環境”,"
路面的指標很清楚 讓人可以很容易到達海灘但是 收費的標準 讓人咋舌 比台北的還要貴 但是服務呢 停車場下車後 迎來的是阿美族的歌聲 管理區的立意良好 但是音量呢? 太多的吵雜聲 唱的是跟日月潭玄光寺 伊達紹碼頭 北回歸線紀念碑等等區域相同的歌曲 讓人質疑 他們自己的歌曲呢 ?商店街經過改建 有些較具規模的店家再販賣珊瑚 玉石等高價的紀念品 但是卻沒有當地原住民再做自己的手工藝飾品 讓人懷疑 東管處的做法是否圖利特定廠商呢 沿著指標往海邊行走 一路上的無障礙設施稍嫌過小 且沒有真正的銜接到海邊 只能到達涼亭位置 讓有新到海邊的行動不便人員有望而卻步的感覺 非常的愕腕海灘非常的髒亂 尤其是靠近進灘的礁石 煙蒂 紙袋 漂流木等等 只能搖頭的說 這就是我們期待的管理
"
三仙台風景區,“三仙台八拱橋繼續走..”,"
很多人以為三仙台只有鵝卵石礫灘(偶爾可以拾到白玉)然後遠遠的拍八拱橋在矗立在海上的美景(有的人會專門來拍日出)殊不知過了橋後尚可行約1HR的燈塔步道沒有特殊標誌得越過巨石或石縫偶得判斷漁人的小徑不過終點登山燈塔的小山坡回頭往下一看驚濤駭浪巨石岩壁真的美極了。
"
三仙台風景區,“我們可以一起坐著看海”,"
風景乾淨，石灘珍貴，更重要的是沒有太多遊人，因此有著祕密的悠閒。小島上的風景優美，四面是不同的風情，而八拱跨海橋的造型優雅。據悉這是二十年期父母度蜜月的地點，而二十年後在一個陽光和煦的午後，夕間在礫石灘上與現在的男朋友一起靜靜看海。此時此刻我們可以一起坐著。
"
三仙台風景區,“下雨的三仙台”,"
下雨的三仙台,入門時有售票的人,免下車,下雨的三仙台有點矇矓美,原本以為下兩上橋會濕滑,結果不會吔,但有小孩的朋友記得不要讓小孩攀爬護欄因為會很危險,過完橋後的木棧道不要走太邊,因為滑下去就會被刺刺的林投樹弄到,記得好的環境是要大家維護的,雖然我知道那有天然的麥飯石,但看看摸摸就好,請不要帶走它,因為美麗的東西就讓它留在那就好,不要輕易的去帶走它
"
三仙台風景區,“東海岸最棒、必去景點”,"
可以看到其他地方所無法看到的地質景觀及地貌，三仙台的海灘是由礫石所組成，海浪打來時的聲音不同於沙灘上的聲音，令人感覺大自然的聲韻事如此令人陶醉。
"
三仙台風景區,"“海水清澈,欣賞藍天白雲的好地方”","
早晨七點多的三仙台,陽光刺眼,看到太陽透著清澈海水,照出些微金黃波光,很舒服~~雙腳站在岸邊,海水一波波打到腳踝,好涼爽阿,消暑,非常值得一去再去
"
三仙台風景區,“全台灣最美的海岸之一”,"
在三仙台迎接晨光，絕對是來到東台灣必遊的行程，在太陽出現的那一刻，絕對會有一種說不出的感動。走上八拱橋，會看到許多海鳥在橋附近來回穿梭，踏上三仙台，可以看到海岸的礁石和島上的茂密叢林，還可以聽到悅耳的鳥叫聲。環島步道要走兩小時，不過可以看到美麗的景色，因此絕對要帶一台單眼相機去拍照。
"
三仙台風景區,“爬三仙台”,"
去年又有一次機會過去.一樣的日頭炎炎.台東的太陽部容易躲阿劑的好幾年前我有次爬上了三仙台的石頭上. 旁邊有攀岩纜繩.好奇心驅使下就往上爬上去了.上面風景絕美.
"
三仙台風景區,“東台灣最美的旅遊景點-三仙台風景區”,"
位於台東縣成功鎮東北方的三仙台，是由離岸小島和珊瑚礁海岸所構成。島上分布著各式各樣形狀及大小不一的石頭，其中有三塊巨大的岩石，據說是因為呂洞賓、李鐵拐、何仙姑曾登臨此島，故而得名。另外，因為旅遊旺季時人潮特別的多，也容易塞車，建議穿著較舒服、好走的鞋子，避免因車停的遠而下車走路時造成足部的不舒服。三仙台真的是很美的一個地方，去了之後就會想瘋狂的拍照 !^^
"
三仙台風景區,“清澈見底的海水”,"
台東成功 的海邊，只要 通過這座達320公尺 的三仙台橋墩，有沙灘,就可走上距離台灣最近的三仙台嶼 特殊的橋樑 全年都有強烈的海風，所以不只是冬天來訪時得多穿件衣服，就算是夏天來訪，也建議帶頂帽子及薄外套
"
三仙台風景區,“三仙台離岸島是由都巒山層火山集塊岩所構成”,"
周圍有隆起的珊瑚礁分佈。海岬的北側是一片礫石海灘，潮水和海浪翻湧沖刷海灘時，會發出震撼的聲響。 由於受到風化和海水侵蝕的作用，三仙台風景區內，有許多造型奇特的岩石，精彩珍貴的海蝕地形，值得仔細欣賞。 由三仙台向西望去是多層的海階，成階的台地，是農耕集中利用的地區。
"
三仙台風景區,“東海岸最熱門的風景區”,"
三仙台島的地質屬於都巒山集塊岩，原來是一處岬角，因海水侵蝕逐漸斷了岬角頸部，而成了離岸島。過去想參訪三仙台的遊客只能利用退潮時，涉水而過，1987年完成了八拱跨海步橋，它的波浪造型，宛如一條巨龍伏臥海上，銜接三仙台和本島，已成為東海岸極為著名的地標。 三仙台全島面積約22公頃，最高點海拔約77公尺，設有環島步道，悠閒流覽約需2小時。。島的四周珊瑚礁環繞，由於強烈的風化和海蝕作用，讓島上除了仙劍峽、合歡洞等與三仙台故事有關的天然奇景外，還且散布著海蝕溝、壺穴、海蝕柱、海蝕凹壁等海蝕景觀，登島遊覽頗富尋幽訪勝之趣。 生態景觀豐富的三仙台，因人為干擾少，島上處處可見林投、台灣海棗、白水木、濱刀豆等濱海植物，是研究海岸植物生態的重要據點，並被列為自然保護區。島的南端到基翬一帶海域，有美麗的珊瑚礁和熱帶魚群，是花東海岸線海底景觀最美的地方。
"
鐵花村,“充滿希望”,"
從鐵道藝術村延伸到鐵花村音樂聚落的彩繪天燈，不只是裝置藝術，更是殺相機記憶體的好地方！滿滿的天燈～讓遊客拍著拍著，都感覺到幸福洋溢了！
"
鐵花村,“非常好玩”,"
有飲料、音樂、藝品可以享受。每當無聊時，都會不經意地走路到鐵花村。漂亮的燈籠、充滿自然元素的工藝品。是我喜歡的
"
鐵花村,“造訪台東必去景點”,"
就在車站鬧區旁，假日有小農市集。尤其是每晚的音樂會，一定要去！少少的門票費，大大的音樂享受，原民歌手太棒了！
"
鐵花村,“音樂和文藝的集合地”,"
雖然只是一個飯後的小散步，但這裡的確讓人難以忘懷。你想不到在蟲鳴鳥叫環繞的台東居然可以有這樣一個文創聖地，手作藝品和音樂創作者在這個地方就像扎了根的大樹一樣自然且融入。欣賞表演時還可以啜飲手上的小酒，這樣的夜生活在其他大都市裡並不多見。人們在這裡放鬆暢遊後的疲累。如果你在台東玩到累了，這裡絕對是你犯後的散步選擇。
"
鐵花村,“越來越好!”,"
被特別的裝置藝術包圍，每晚都有特色市集和音樂表演，週遭也有很多景點可以走走逛逛，是個很適合體驗台東慵懶放鬆氣氛的好地方
"
鐵花村,"“音樂,散步,享受”","
常常有音樂表演我很喜歡,去的時候道路都掛著畫的燈籠非常可愛,但是前往的時候可以先查詢一下表演時間,才不會撲空沒看到表演哦來台東一定要來!
"
鐵花村,“音樂饗宴”,"
這裡的市集很有趣，很多和大自然結合的手工藝品，也有很多推廣回歸大自然的老闆，親切地介紹他的產品和用心，鐵花村的音樂也很棒喔，來自各個地方的獨立音樂人在此發揮長才，晚間的休閒好去處!還可以散步!
"
鐵花村,“慵懶氣息”,"
跨年夜來到鐵花村，一邊聽原住民朋友優美的歌聲，一邊喝著啤酒， 身體整個放鬆，適合背包客及三五好友相聚的地方!!　
"
鐵花村,“掛滿希望的小天燈”,"
去鐵花村散步時，剛好遇到掛滿手繪的小天燈打開電源，整個鐵花村充滿了希望與愛的感覺，令人忍不住拿起相機拼命拍照。
"
鐵花村,“鐵花村”,"
整個散發出很悠閒的氣氛，雖然規模上以及周遭沒辦法跟其他的例如松山文創園區之類的相比，畢竟才剛發展沒多久而已，但是感覺上確好很多，少了許多店家，卻多了許多人情味。
"
鐵花村,“好評被放大了”,"
其實是還不錯的地方，但沒有社群網站所說的那麽有趣。地方很小，附近的環境其實十分淩亂。台東縣政府應該可以多花點經費把周邊儘快地整理好，特別是綠化和施工的管理，否則，很快可能會變成一個像夜市般的普通景點。如果要和花蓮市新近啓用的舊酒廠文化園區比較，鐵花村需要大大加強。
"
鐵花村,“台東指標”,"
許多文創藝術家都會在此擺攤，基金會本身也常規劃許多活動在此進行，這裡已經成為台東的地標，來到台東一定要來感受當地文化的事物與氛圍。
"
鐵花村,“熱氣球　起飛啦”,"
充滿熱情　色彩繽紛　熱鬧的鐵花村彩繪熱氣球高高掛慢慢走一顆顆趣味盎然的彩繪氣球有童趣　有純真　有創意能讓你流連忘返　會心一笑的地方除了視覺享受隨時傳來的歌聲也讓你擁有聽覺享受..
"
鐵花村,“藝術展演市集”,"
暑假期間天天都有不同的驚喜，或藝術展演或流行歌手的音樂或原住民歌手的渾厚嗓音，或有機市集讓你大肆採買健康的食物，在這哩，點杯飲品聽聽音樂逛逛街～　好愜意呀
"
鐵花村,“期待周邊新風貌 可以碰撞出更棒的火花”,"
仰望專屬【台東】純淨無暇星空 坐在草地上聆聽在地素人所呈現的傑出舞台 鐵花村已不是一個區區的景點可以概括而定，這裡真的是一個很棒的人文與藝術的場所，雖然村長常自調侃 他應該是全台佔地最小的村長吧！但因他認真的為這邊在地的素人*樂團發聲提供場地結合許多藝文，人文 還有慢市集和diy教室真的很敬佩這群這些在背後默默耕耘的工作人員們！期許周邊的改造完工後 能帶領在地的人文藝術夥伴們 碰撞出更好更美的火花！
"
鐵花村,“鐵花特調”,"
鐵花特調，一個讓你有驚喜的地方，永遠不會曉得今天誰彈誰唱，很free，讓我覺得幸運的是，今天鐵花特調的主唱是胡德夫老師，何德何能可以再這樣的氣氛下聽老師唱歌，根本賺到。
"
鐵花村,“類似松山菸廠”,"
有點學松菸但學得不好，裡面店家不多也沒什麼展覽。設施復原的工很粗，連不是專業的一看都看的出來。還有很多閒置空間，不過散散步到不錯。
"
鐵花村,“隨著音樂起舞、感受台東的人文氣息”,"
來台東怎麼能不到鐵花村聆聽現場音樂演出呢？不管你認不認識表演者，買票進場就對了，保證會有滿滿的收穫!
"
鐵花村,“台東年青人的音樂、藝術及文化交流地”,"
我們看了台東的地標性景點、看了台東的自然風貌、也看了台東繁華的一面。晚飯之後，朋友就帶我們去體驗台東年青的一面。在秀泰廣場晚飯後，朋友帶我們去漫步，她帶我們去一個叫《鐵花村》的地方。《鐵花村》，是一個小型的墟市，集文藝，年青人創作藝術，年青原住民的創作為主題，當中，有不是很有創意的精品及傢具設計的小店，也有帶有原住特色的小手藝店，也有一個室內的音樂空間，讓年青人發展所長。室外，也有一個大型的草地舞台，亦可以讓音樂人、藝術人，作公開的表演。是一個把年青台東人思潮散發的集中地，也是給年青原住民把他們的民族色彩重新包裝宣揚的好地方，這《鐵花村》，把一班年青而有獨特思念的人聚集一起，利用藝術同音樂，增添了台東市的活力。
"
鐵花村,“文創聚集”,"
不同季節都有著不同的表演與當地的手做與文創作品的展出給予遠道而來的旅客與當地的工作著有個可以交流的地方
"
鐵花村,“晚上去很有氣氛”,"
文創小物及在地食物有些很特別,剛好有遇到樂團表演,雖然沒花錢買票進去聽,但因為是半開放空間,在逛的時候,也可以順便欣賞,離台東誠品也很近,可以順便逛一下
"
鐵花村,“音樂與文藝聚集的角落”,"
結合了台東在地的有機農物與文創作品的展售再加上來自各地的音樂聚集在台東市的舊鐵道與誠品書局旁的大樹綠草間,利用假日時光來個精彩的藝文饗宴是到台東一定要去的地方
"
鐵花村,“臺東國際光點”,"
鐵花村為觀光局「國際光點計畫」的第一個正式營運據點，由臺東音樂人和藝術工作者共同打造的音樂聚落及在地發芽的慢市集，可說是臺東的音樂集散地，如茵的草地，高大的老樹，散發一股自在、悠然的氣息。
"
鐵花村,“很特別的地方”,"
鐵花村在台東誠品書局的附近，常常在假日會有二手市集、慢市集，也會常常有很特別的人，在這裡擺攤子，雖然地方不大，不過幾乎天天也會有人在此表演，我喜歡這裡。
"
鐵花村,“有著濃濃人文氣息的地方”,"
第二次到鐵花村，看著不同的特色店家賣力地解䆁自己的創作理想，有一種台灣向上的感動。如果有空更可以點杯飲料聽聽不同的創作音樂，作為一天的結束。
"
鐵花村,“感覺很悠閒的大片草地空間”,"
下午去的時候，只看見一大片草地，有人正在修草皮，草地上一大群鳥自由自在地覓食，一點也不怕人，這大概只有台東才能看到的景象吧，整個感覺很悠閒。
"
鐵花村,“鐵花村與台東舊站”,"
鐵花村所在就是台東火車站的舊址，那有鐵路東拓前的小叮噹柴油普通列車的靜態展示，還有一組転車台，但台東縣政府旅遊相關單位及鐵路局都沒能善理管理推廣，十分可惜！
"
東部海岸國家風景區,“夜訪小野柳”,"
‪#‎夜訪小野柳‬ 的行程，一路上天氣時而放晴時而漂雨，但很幸運的走完行程;夜訪小野柳的活動今年是第四年，時間在每年的104.5.1-10-31報名方式089-281530，集合地點在小野柳遊憩咖啡吧;晚間的生態導覽相當深度與豐富，認識了石岩的形成，及海邊花卉植物還可以看到許多夜間會出現的小動物，非常精彩有趣，很適合帶小朋友來探訪^_^
"
東部海岸國家風景區,“壯闊的海岸線”,"
美好的的海洋風光，海岸線的自然民情與原住民族的率真風格，尤其是比西裡岸，可愛的漂流木傳奇社區，值得造訪，幾米兔前的超迷你原民熱炒，老闆手藝好，食物鮮美，價格實惠
"
東部海岸國家風景區,“海闊天空”,"
來到東部海岸線，盡收眼裡的是大海，藍天白雲，真的讓人感到放鬆，看了心情非常好，讓人難以忘懷。如果在搭配海岸邊的民宿，無時無刻都能看到大海，真的是一大享受啊！
"
東部海岸國家風景區,“不需雕作的自然美景”,"
東海岸是我的居住地，有人問這樣的美景隊駐在此地的我們因該也沒有感覺了．但，這就大錯特錯了，我們是幸福的住在此美景當中，不同時節有不同風情，讓身處於此的我百看不厭，尤其只要離開長濱兩天就心想著長濱的海，東海岸的美
"
東部海岸國家風景區,“海岸線的其他風景”,"
大家都知道海岸線的小野柳　杉原　三仙台的美麗海線風景，但不為人知的卻是當初從大陸來台的白冷天主教會的許多教堂建築！　看了公東的教堂才知道台東海線有那麼多美麗且具有設計感的教堂～在看山看海之餘也多多看看建築吧
"
東部海岸國家風景區,“海岸線無敵美～”,"
台11線沿路上不僅有各個藝術家不同的石雕作品可供欣賞，還有無敵的湛藍大海加上藍天白雲，吹著自然不悶熱的風，讓人的心不但平靜下來，整個人也輕鬆許多，只能說真的很美很美！
"
東部海岸國家風景區,“花東沿海八仙洞”,"
台灣花蓮沿海台東海平線非常優美.沿途的八仙洞.風景如畫.有原始風貌.天然的古岩石山洞像一座仙桃.宛若仙境.相傳真如仙境..就連八仙翁也降臨此地...裡面還有涓涓不息的天然泉水長年流入.也有佛像菩薩在此定居.兩旁沿岸開發景色優美.恬靜.到此一遊的旅客心曠神怡.幽遊自在.沿途還有更多的美景慢慢敘述.....
"
東部海岸國家風景區,“美得不得了”,"
延綿的海岸線無論是沙岸還是沿岸,都有著清澈湛藍的海水與寧靜美麗的景緻,尤其是東部海岸管理處用心地在沿途設置了觀景的涼亭與媲美飯店級的盥洗室,讓遠道而來的旅客們都可以盡情自在地享受這一片汪洋浩瀚的太平洋美景,更可以讓久居城市的人整個心情都舒爽自由了起來,所以一定要好好地去體驗,慢慢地去欣賞,這大地給花東地區甚至是整個台灣,最自然最純淨的禮物.
"
台東環市自行車道,“規畫相當良善的自行車道”,"
在關山有那麼棒的自行車道真是太迷人了，騎車漫步在田野中感覺很棒，從頭到尾景緻各有不同，最終還能騎到親水公園。在途中會經過中繼站有廁所和觀景台，收費50元(可使用至親水公園內)，覺得相當合理，因為這車道維持得很棒。給予五顆星的評價。
"
台東環市自行車道,“深入社區延伸文創的一條魅力自行車道”,"
沿者這條蜿蜒的鐵馬道 沿途的美景真是美不勝收！不同以往是像公園裡已規劃好的木棧道，而是沿者以前舊鐵道改造的單車自行車道，所以沿途的景色也是有所不同，而是深入社區核心體會在地人文的藝文步道，這邊不只是單車者的好所在，也是在地居民吃飽悠閒散散步或互相聯絡感情聊天的好地方！這裡的美與人文特色 真的要自己來體會才能深刻感受 台東環市自行車道要帶給您什麼樣的故事～
"
台東環市自行車道,“一條令澳洲人也讚美的單車路線”,"
剛好帶兩位澳洲媽媽在東台灣單車旅行6天5夜，5/18旅程的最後一天早上，原本預計從台東鐵道藝術村開始走台東環市自行車道前往台東車站，卻碰上位在起點的鐵道藝術村正在施工，因此往外多繞了一段路才接上台東環市自行車道。一上路後，在樹林綠蔭的木棧道上騎單車，不只遠離了柏油路的車潮，沿途還能看到當地居民也在自行車道上慢慢騎單車或是旁邊休憩，讓人有更深入探索這城市的感覺。澳洲朋友們不只騎得非常開心，更忍不住讚美台東市非常美，可以說這條自行車道是台東的驕傲之一也不為過！儘管只走了一半，便繞出自行車道前往台東市，但期待下次能再回台東把這條環市自行車道全程騎完，飽覽路途的山海風景^_^
"
台東環市自行車道,"“令人""書湖""的腳踏車道”","
((台東=騎腳踏車))，相信我這真是一件超舒服的事，不過您得要花點時間喔!!(因為車道粉長)台鐵舊鐵道的沿線綠意盎然，您可驚見在台東的運動人口竟如此之多，隨著運動同好避開與汽車搶道，空氣好到您會在每口呼吸間都會有所感受，來吧!!台東等這您及您的腳踏車~~
"
台東環市自行車道,“自由自在的自行車之旅”,"
在台東騎自行車，真是一件超舒服的事，從台鐵舊鐵道出發，可以沿海濱騎，也可以沿山線騎，這次的時間不夠，指騎一小段。但是自行車道規劃得很好，不會跟汽車搶道，很安全。而且台東空氣非常好，這裡的人也很親切，車子又少，在這裡騎自行車真的非常自在。
"
鹿野高台,“踏青好地方”,"
這裡是不錯的地點，帶小朋友走走很不錯的，這裡夏天 7-8月还有熱汽球喔~附近距離愛嬌阿姨茶餐也很近喔!建議可來這用餐的。
"
鹿野高台,“看飛行客空中展身手”,"
建議熱氣球應該全年都至少設置一個當標誌，旅行時看到飛行客不甚卡著樹上的驚險畫面，也看到救援人馬的群策群力，台灣真是好風情，人情味濃阿
"
鹿野高台,“看到遼闊.綠草如茵的大草原.令人心情舒暢”,"
來時是淡季.還沒有熱氣球嘉年華.人.車稀稀落落.但看到遼闊的大草原.綠草如茵.令人心情好不舒暢.站上高台.俯瞰鹿野美景.卑南溪谷底景色.近在眼前.一覽無遺.真是好山好水.
"
鹿野高台,“高台俯瞰鹿野，景色優美”,"
天氣好時，從高台俯瞰鹿野鄕間景色，十分優美，大片草原適合多項活動，但高台著名的茶園卻不見往日景觀，很多都荒廢或不見了，反而多了很多鳯梨田，不知道是否因為缺水的關係？
"
鹿野高台,“平原上的輕氣球”,"
從台東市區坐一個小時的巴士，來到鹿野高台平原，幾個大型輕氣球雖然只是躺在大地上，但周圍的氣氛已經很高漲，藍色的天空，清涼的空氣，大自然的美，輕氣球代昇，一切都來得自然。唯一要改善，去程是大巴，人卻不多，回程只是一台小車，擠得滿滿，有點辛苦。
"
鹿野高台,“可能12月是淡季，沒東西玩”,"
從台東火車站開車約30分鐘可到達的地方，可能是旅遊淡季沒有活動，高台什麼東西都沒有。若天氣好可以看到很遠的地方風景很美，若天氣不好則沒東西看，可以在高台旁的老王咖啡店品嘗手沖咖啡悠閒度過下午
"
鹿野高台,“放鬆”,"
景色很美，熱氣球活動的時候更漂亮，但車多，建議清晨出門或是搭乘接駁車。平日亦可來欣賞景色或體驗滑草，好玩。
"
鹿野高台,“一望無際好風光”,"
居高臨下的感覺非常不錯，是一個適合拍照取景的好地方，還有滑草活動可以體驗唷，不趕行程的話隨意走走也滿悠閒的
"
鹿野高台,“在天氣晴朗的時候造訪，會有一種飛翔的感動。”,"
在天氣晴朗的時候，站在至高點俯瞰，大片的綠地和湛藍的天空接合，令人折服于大自然的美好。陣陣涼風吹拂，身旁經過嬉笑著滑草的孩子，飛行傘就在你的頭上滑翔而過，彷彿能隨著他們一起飛翔，那種感動，只有親身經歷才能體會。
"
鹿野高台,“不是在熱氣球節日去的”,"
上禮拜利用中秋假期來到高台這裡,但因為熱氣球活動已結束而且因接近傍晚 看起來還挺空曠的,那裏可以滑草,明年再來看看
"
鹿野高台,“風景優美”,"
視野遼闊的地方。在涼亭下觀看四處翱翔的飛行傘，十分愜意！也因為相對位置高，就算是夏天或初秋，還是可以感受到迎面而來的涼風。
"
鹿野高台,“很可惜.我不是在熱氣球活動去的”,"
很可惜.我不是在熱氣球活動去的.如果是活動的其間去.我想會更好玩的.希望下次還有機會可以去.不過有聽說要很早就起床說
"
鹿野高台,“世上最美的熱氣球”,"
暑假期間，交通方便有台灣好行鹿野線，只要１９０讓你玩透透還有許多商家的優惠活動！　此外還可以到龍田社區騎腳踏車體驗日本建築，真是讓人心曠神怡的好所在呀
"
鹿野高台,“綠油油的一片原野”,"
最大的特色是有一大片原野，提供旅客豐富的戶外活動，例如草地打滾、滑草、玩飛盤，還曾經是熱氣球的搭乘景點，讓人有回歸大自然懷抱的清新感覺
"
鹿野高台,“熱氣球光雕音樂會”,"
第一次終於有機會到熱氣球現場，「光雕音樂會」是熱氣球的火花結合音樂的鼓舞節奏，一場視覺及聽覺浪漫激盪的精采饗宴，果真震憾人心，狂按快門就怕錯過每個畫面，最後一場還開放進場體驗，近距離感受熱氣球之美，太luck、太幸福....
"
鹿野高台,“鹿野高台的飛行傘”,"
這裡的飛行傘，只是欣賞就已經很刺激了，看著數十飛行傘在空中遨翔，就覺得嚮往不已，因為沒有心理準備，所以就沒有參加，我看看價格，每次飛行是2000元，也許下次再體驗囉!
"
鹿野高台,“適合與大自然互動的地方”,"
1.在這裡可以找到具刺激性的滑翔翼活動，有趣的滑草或全家露營的活動是一個老少咸宜的好地方。2.在高台上可以看到漂亮的美景。3.有得吃有得住有得玩，地點佳，遠離塵囂，又不偏僻。4如果想要買點半手裡，也很方便。
"
鹿野高台,“我想看熱氣球”,"
早上8點多上高台，兩家人帶著興奮心情，但熱氣球呢?早上5點到7點才有，甚麼咚咚，誰會那麼早起，再來下午5點，誰要跟大家一起塞車，真失望，好加在，風景救了我對鹿野高台印象
"
鹿野高台,“難忘的熱氣球!”,"
很熱,但是沒看過現場的熱氣球的話是值得的.現場警察阿伯說早上最棒!雖然是下午去看的,可是能從衝器看到升空,真的是永生難忘!
"
鹿野高台,“3D的遊憩環境慢遊天堂”,"
鹿野高台可人包括龍田村和永安村及卑南溪泛舟,有茶園風光有品茗的地方有散步的小農村有廣大的草原,可做小農村巡禮也可徜徉草原,非常自在的旅行.
"
鹿野高台,“俯瞰棋盤田園，舒懷青綠草皮的悠閒美地”,"
下午在龍田「崑慈堂」站誤搭反方向的「台灣好行」至初鹿牧場站後，下車重新坐回鹿野高台，發現這段路為環狀設計，出來乍到確實容易搞錯方向，宜向當地人詢問確認較不會出差錯。「台灣好行」鹿野高台下車即能俯瞰龍田棋盤式田園，看著早上自行車悠遊的田園此時又是另一番風景。往後走是一片看了令人舒懷的青綠草皮，也佩服台東的創意，每年的在這片草皮上升起的熱氣球讓包括我在內的人有了到此一遊的動機。得知隔日清晨5:30有20個熱氣球齊聚升空，可惜此時才搞清楚一向只帶著的汽車駕照只能抵輕型機車執照，因此無法租用重型機車於隔日欣賞此景，由於熱氣球是天氣狀況不一定都能按預定日程升空，下一次刻意到訪也不一定就能順利看得到，因此不免有些殘念，不過因原即不在計畫中，隔日原訂的池上自行車之旅依舊豐富精彩，也無不可釋懷。比較奇特的是，隔日清晨即將升空的20個熱氣球，此時卻不著痕跡，推測可能是放在草原中白色帳篷中，更加顯示要目睹熱氣球，「時間經準度」的掌握確實是一要素。再走出來些，到遊客中心蒐集更多旅遊資訊，遊客中心內的服務人員非常熱心，有疑問都能詳細解答，十分感恩。
"
鹿野高台,“鹿鳴藝術茶園的十公頃茶園太美了”,"
參加鹿鳴溫泉酒店的藝術茶園行程，十公頃的茶園太美了，解說無毒的栽種方式也滿有趣的，還有免費的腳踏車騎去龍田村子，村子規劃很好，而且村民也很親切～
"
鹿野高台,“悠閒綠地”,"
這次只是悠閒的走一下然後挺少人搭飛行傘，風景很好，划草區蠻乾淨舒適，不划草也可以悠閒躺在草地上享受恬靜生活。
"
鹿野高台,“鹿野高台好風景”,"
我們來到台東，雖然是1月的冬天，但台灣南方的氣候實在是太好，而且，我們感覺，留在市區玩會完全地浪費了我們的台東之旅。我們昨晚吃好飯不斷在想，亦問了酒店 tour 的價錢。之後酒再推介了一條旅遊公交路線給我們。有公交就好了，我們回房間，定出了今天的行程，就是台東遊的《山線》。遊玩台東，分了《山線》同《海線》兩部份，這樣的區分，也許就是當地的客運公司《鼎東客運》分了 了《山線》同《海線》兩部份來營運吧。《山線》的《台灣好行》旅遊公交路線，終點站是鹿野鄉的《鹿野高台》。 車程要一個多小時的，由於這是為遊客而設的公交專線，可以讓你的眼睛一次過睇晒山線的多個景點，包括了《原生態植物園》、《卑南文化公園》、《鹿鳴溫泉酒店》、《紅葉少棒紀念館》、《初鹿牧場》等。終點站的《鹿野高台》，原本是一個高山茶園，而現在是一個讓人跳滑翔傘的勝地。當巴士登上這《鹿野高台》風景區之前，穿過了一條綠油油的行車道，而這一個是著名的什麼綠色隧道，若是自駕遊，在路邊停停車，拍拍照，一定會很美。從高台看下去山谷，天氣好，眼中的風景更美。客運的司機建議我們由高台出發走到旅遊中心，當中穿過了滑草場、茶園、鳳梨園，田野的風光，感覺特別的悠閒。建議像我們，一大清早來，呼吸一下新鮮的空氣。另外，在夏天，這兒也是台東一年一度的熱氣球嘉年華的舉行地點。
"
鹿野高台,“視野遼闊 令人夢想起飛的地方”,"
喔！當爬上平台，一眼看到整片草皮的時候，實在是令人驚艷。雖然不是熱氣球的季節，但可以想像到熱氣球升空時的壯麗畫面。還有，旁邊小店的紅酒香腸蠻好吃的。
"
鹿野高台,“一覽無遺”,"
到鹿野必去的地方，我是跟知本老爺的tour 去的。有專車送到。很方便。一望無際。如遇上有人跳傘，會更有可觀性。
"
鹿野高台,“熱氣球聖地”,"
來到這邊原本只是想參與熱氣球節，凌晨就從台東市區騎摩托車出發，沿路上除了一段沒有燈光之外其他標示都算清楚，因為空氣很乾淨所以不會有勞累的感覺。鹿野高台除了大草坪那邊之外周遭也有不錯的地點，個人推薦關懷社會企業的""春一枝""冰棒!
"
鹿野高台,“很棒的景色”,"
真的是綠草如茵很棒的景色,登上高台看著無際的農田,令人忘記都市塵囂,高樓大廈的永擁擠,茶庄老板的熱情,有趣的擂茶,空中飛行傘的自在遨翔,還有還有只有台東獨有的熱氣球自由飛行真的很值得旅遊的好去處
"
鹿野高台,“台灣舉辦熱氣球活動的始祖...贊”,"
光雕音樂會點綴鹿野高台，遊客手中螢光棒揮舞，與熱氣球火光相輝映。高台夜晚人聲沸楊，期待熱氣球光雕秀。光雕秀登場，全場熄燈，從熱氣球裡發出的火光，與舞台射出的燈光，高台的夜空瞬間轉變，全場所有人的驚嘆聲，現場沸騰到最高點。真是一場不錯的旅遊饗宴.....
"
鹿野高台,“有熱氣球點綴很美”,"
在熱氣球季節去鹿野高台，感覺很夢幻。就算不去搭熱氣球，旁邊還是有一些遊樂設施可以讓大人小孩玩。整體感覺不錯，有機會可以再來。(但是沒熱氣球時這裡能幹嘛？)
"
鹿野高台,“每年的熱氣球活動真的是太棒了~”,"
每年一次的熱氣球季,真的是太棒了,三點半起床,五點到會場,帶著野餐墊,早餐,咖啡,坐在草地上,享受晨光,等待熱汽球全部升起,真的覺得太幸福了~~
"
鹿野高台,“台東新興的景點”,"
高臺有絕佳的視野，在這裡很適合玩滑翔傘，還可以看到老鷹在空中滑翔。最近這裡因為有熱氣球嘉年華而成為台東最夯的景點，遊客可以躺在草地上看五彩繽紛的熱氣球在空中飛翔。這裡的熱氣球大部份是荷蘭製作的，駕駛員也大部份是荷蘭人，只有一顆熱氣球是台灣自己做的，這顆熱氣球的駕駛員也是台灣人。除了一般的熱氣球，這裡還有憤怒鳥和企鵝等等造型的熱氣球，不過那些熱氣球不能飛。熱氣球空中自由飛行平常是每天清晨5點開始，視當天天候狀況調整時間，時間30至45分鐘，一律採預約報名，熱氣球繫留體驗平常是每日5點30分～7點及17點～18點30分，也是視當天天候狀況調整時間，時間5～7分鐘，現場買票，早場5點開始賣票，晚場3點開始賣票。
"
鹿野高台,“nice view”,"
鹿野高地有絕佳的視野,近期因為熱汽球活動而使台東假日充滿遊客,這裡也可能會有大型旅行團湧入,如果有開車會比較方便,由於熱氣球活動有時間限定,不一定需要住附近的旅館,可以選擇適合的距離與合適的成本,如果選擇在台東過夜.
"
鹿野高台,“好山好水”,"
平日去人很少比較可惜沒有玩高空滑翔翼到了很深山裡面買了鹿野的高山茶我買的是第一家這家的茶得了很多獎老闆娘和老闆人很好請我們吃很多東西也有算我們便宜一點呢
"
鹿野高台,“參與熱氣球嘉年華盛況”,"
台東縣政府完善的規劃了整個地區的動線,讓眾多參與活動的來賓都能循序漸進地進入,在各個不同地方用不同的角度欣賞來自世界各地&各種不同形狀的熱氣球,無論是繫留體驗的升空或下降,還是自由飛行的饗宴都能滿足來自四面八方的遊客想要的刺激,尤其是在黃昏時刻,整個山谷的光彩絢爛多變,躺在寬闊的草原上靜靜地欣賞隨著時光變幻的美景,真是個美好假期中完美悠哉的享受.
"
鹿野高台,“夢想起飛．臺東新形象”,"
臺灣第一個以熱氣球打造新鮮形象的鹿野高台，是新興的臺東觀光景點。自2011年開始，於每年6月底～9月初舉行熱氣球嘉年華，清晨與傍晚的熱氣球飛行表演，是每日活動的高潮，各國飛行員乘著五彩繽紛的熱氣球起飛，讓夏季臺東的天空充滿年輕熱情的氛圍。
"
鹿野高台,“美極了”,"
吹著徐徐微風 一望無際的草皮 真是心曠神怡附近春耕園的香草火鍋超好吃(要開車才到的了)迷路在此山中 真是一大享受居住在都市的人 肯定會喜歡
"
鹿野高台,"“開闊的環境,很像我們家”","
開闊的視野,很像我們家的環境,據說今年熱氣球節每天湧進上萬人次的遊客,幫台東地區旅宿餐飲業進帳不少,只希望環境不會被揉濘得太嚴重~!
"
鹿野高台,“熱氣球嘉年華”,"
非常仰賴天候的活動，有時不見得看得到熱氣球升空。今年剛好看到光雕音樂會，但還是只有原地升空而己，而音樂也是用音響放出來而非現場演奏的，所以有點失望。
"
鹿野高台,“寬闊的草地”,"
去了兩三次，看到的是一個很寬闊的草原...不過也蠻安靜舒服的，而且那時候還沒有鹿野熱氣球活動，我想現在應該熱鬧很多，下次有機會一定要去看看熱氣球。
"
鹿野高台,“縱谷的夏天 百變的天空 鹿野高台 刺激好玩”,"
不管在城市裡或鄉下的阡陌縱橫中，夏日白天的烈日總是無法躲避的，驕陽只能讓人俯首稱臣，但是花蓮縱谷的得天獨厚，使得天空的變化，有了無盡的想像。站在縱谷中間，東為海岸山脈，西為中央山脈，當太陽西沉時，中央山脈的屏障成為天然的遮陽，下午四點以後的鹿野高台，變得消暑的遊戲天堂，加上6月底至9月初的「熱氣球嘉年華」，造成天空幻化成彩色的想像空間，但是想要一睹熱氣球，最好當個早起的鳥兒，早上五點到七點的清晨，熱氣球升空的機率可達8成以上，下午只有一半的機率，而且清晨熱氣球昇起，還可以將熱氣球當成酷炫的遮陽傘。萬一造訪鹿野高台的時間，錯過了熱氣球嘉年華，也不要灰心，因為在鹿野高台玩滑草，也是夠刺激的啦！
"
國立臺灣史前文化博物館,“滿滿的史前資訊”,"
在台東不一定天天是好天氣，所以如果遇到壞天氣，除了可以去看電影，去博物館也是個不錯的選擇！博物館的位於台東市的郊區，坐火車大約十二點五十從台東出發，下午五點再從康樂回台東！不過火車實在是太麻煩了，建議去鼎東客運的海線總站（近鐵花村，肯德基）去詢問一下公車，通常會比較方便！博物館門票８０＄，但是可以先去紀念品館，有時會也意外的門票優惠驚喜唷！博物館於兩點半會有定時導覽，但是他租借語音導覽是不用錢的，所以也可以進入二樓主展館前租借，押證件就可以了！就可以度過很輕鬆又愜意又多知識的下午，逛完了展也可以到館內的咖啡廳喝個咖啡用餐，消化一下今天的滿滿史前文化知識！
"
國立臺灣史前文化博物館,“館藏豐富，值得一訪”,"
只需要花費極少的門票，就能夠參觀這座包羅萬象的博物館。展品內容從台灣各地史前文明的出土文物、原住民族的文化，一直到自然、地理知識的模型展示，甚至也有南島各國文化的展覽，互相交織對話。值得一訪。通往博物館路上，初夏整排盛開的火紅鳳凰花，與澄澈的藍天相映，亦十分賞心悅目。唯一的缺點是與市區的距離稍遠，大約有八公里左右，若是騎腳踏車從市區出發的遊客需衡量烈日下來回之體力。
"
國立臺灣史前文化博物館,“很有深度的一個博物館”,"
這博物館所在地本身就是一個遺跡,在這館內從史前時代談到南島原住民族文化,建議第一次去的朋友一定要申請導覽或借語音導覽,全館要慢慢走,慢慢看,大概要花2-3小時.. 雖然都是靜態的展館,但是裡面蘊藏的是一次消化不完的重要寶貴資產,有一些產覽區域會常常換展覽,每一次去史前博物館都有很深的感動! 若是喜歡南島文化的朋友,應該要去!
"
國立臺灣史前文化博物館,“普通”,"
就是一個有冷氣的一般博物館, 沒有太特殊, 躲太陽時可以去逛逛, 人並不太多, 沒去過的可以去逛逛看
"
國立臺灣史前文化博物館,“適合親子旅遊的好所在”,"
每次台東的必訪之處，只是每次的身份都不一樣，這次是帶著2個小朋友來參觀，購買門票後先上至2樓參觀，有一些動物模型，及原住民的文化可觀賞，還有親子室，雖然寫著哺乳用，但有提供積木及童書，都是小朋友最愛，出了館區，可以先蓋章可再回館，一片花園中庭，還有溜滑梯，蹺蹺板，不過小黑蚊超多，防蚊液必備，中庭尾端上高臺，有仿摩艾，這裡也看的到火車經過，還有定時的水舞及水迷宮，出館區旁也有一排的木雕藝術品，值得再來的地方，不過要注意公休日跟營運時間喲
"
台東伯朗大道,“伯朗大道好舒爽~^^”,"
博朗樹下好稱奇~筆直大道人愛去~遊客交織愛留影~轉彎天堂莫忘去~奉茶樹下名人樹~再添佳話留戀區~莫忘垃圾隨手取~小心干擾農夫心^^
"
台東伯朗大道,“田野請愛護!”,"
那顆金城武加持的樹，依然還是人潮聚集的焦點，只是人多了交通及週邊環境，似乎也開始起了衝突囉～美好純淨的田野，還是需要大家的愛惜嚕。
"
台東伯朗大道,“好山好田.值得珍惜”,"
聞名已久.也聽到不少對劣質遊客的批判聲.此次環島行就順道造訪.特別挑清晨6點到.規矩地將車停在停車場.信步走入.這時天已亮.空氣清新.無車無人.除了咱一家人.廣闊的田園.筆直的農道.遠山白雲嬝繞很是漂亮.這是標準的鄉村景色.類似的農村其實在台灣還很多.如:雲林.嘉義...只是住在都市的人不易接觸.也呼籲大家能珍惜這塊好山好田.
"
台東伯朗大道,“稻浪如畫”,"
那棵樹已經不堪吹殘，但是身旁的美麗稻子隨風起舞，真是振奮人心，建議鄉公所規劃相關文創商品，帶動買氣，不然去那都沒有提帶率，只是租個小腳踏車的消費，幫助不了農民
"
台東伯朗大道,“廣闊的田野”,"
本來天然的生態環境彷彿被犧牲在商業廣告之下 真的可惜 非假日之下午還是遊人處處 希望大家愛惜這片農地 不要為了拍照踐踏稻田 不要亂丟垃圾 破壞天然的美
"
台東伯朗大道,“探望茄冬金城武樹”,"
這次「台東-花蓮197-193單車三日行」，第二天由關山經池上至瑞穗的行程，按例由關山親水公園附近鄉道週轉至池上大橋接台9線，過橋後，想起去年以來金城武樹似乎歷經滄桑，便轉由橋下小徑順坡探訪，直至右前方可看到人潮處，便是目標所在。睽違數月，金城武樹多了兩根拐杖，伯朗大道兩側已畫紅線，汽車不再能逕自駛入，旅客只能徒步或騎單車進入，樹前數十公尺並加上三角錐以區隔最後一小段為真正的徒步區，並有兩名女警駐守。似乎突然具備如苦苓在「苦苓的森林祕語」般的超能力，和樹老對話起來：「樹老您好，您還好嗎？」「小子，不要把我喊老了，在樹的國度裏，我還只是個小青年！」「對不起！只是您先我而生，後我而滅，又讓我們到這裡能多呼吸到更多新鮮的氧氣，想到這些就不禁肅然起敬，「老」只是敬稱，沒別的意思......」「嗯，孺子可教，隨便你......，不過，正常來說雖是如此，現在這樣子誰會「先走」，就難說得很......」「現在有了這陣仗在護衛著您，您應該會漸漸恢復元氣才是......」「是嗎？本來樹大招風，在這曠野獨自兀立，少了夥伴的同生共濟，夏天颱風時就危險得很，加上人來人往，只是把我當風景照的背景，沒幾個人知道我是什麼樹，連樹名也只成了你們那位明星的背景......」心裡暗覺不妙，的確，一年多來看了三回，確實也不清楚金城武樹是哪一種樹？只得趕快緩和氣氛：「不會啦！還是有很多人是真的衝著看您來的！」樹老似乎瞅著眼看出我的心虛，半晌，眼神望向中央山脈，幽幽地道：「改天我換個地方時過活時，就知道了，不過到時沒人來，倒也不是壞事......」趁著樹老還沒質問我知不知道他是什麼樹，趕緊告辭，繼續向行程出發。走完伯朗大道，左轉197線道，發現路邊民家配合參觀的生態改變，多了幾家自行車出租店，看來樹老遙望遠山無意間流露的心願，實現的困難度又提高了。回家趕緊上網查了一下，樹老應該是茄冬樹，比較有心的後人，對樹老的記憶，可能會是茄冬.金城武樹。
"
台東伯朗大道,“因為一則廣告，帶來了沒品的觀光客”,"
這條鄉間小道，是農用之道，不是金城武大道，也不是伯朗大道。約莫30年前，傍晚路經此道，還會看到遠處農戶日落後的炊煙升起，別有風味。但現在只看到滿地的垃圾，寶特瓶，以及沒品的觀光客，為了拍照打卡阻礙了農夫趕工播種。簡單民調隨機去問任何一個在地池上人，這條產業大道變成金城武大道之後，有何感想，換來的是嗤之以鼻的表情，就可以知道城市的市儈和無能腐敗的池上鄉、台東縣政府，共同聯手汙染了這塊美麗的風景。只道此景只應天上有，落入人間變糞土
"
台東伯朗大道,“會讓我懷念的旅行!”,"
一年多前，與好友們歷經三天的東台灣旅行，除了豐富滿滿的美食與餘音嬝繞的原住民創作音樂外，最無法忘懷的是在池上的雲門，他的背景是中央山脈的雲海，在風雨中還圍繞著巴哈的大提琴聲.此時空氣中不是濕冷的雨露，而是充滿愉悅幸福的香檳汽泡，散場了，我激動的向林懷民老師道謝，謝謝老師讓大家心中都充滿了感動與溫暖，至今，久久無法散去！
"
台東伯朗大道,“可以讓心情開濶的筆直大道”,"
一路由聽音樂的稻子處往下騎，筆直的大道讓人心曠神怡。不同的季節又有不同風情，綠色的稻浪，金色的稻浪，都很值得一看。
"
台東伯朗大道,"“寬闊的視野, 療癒身心的好地方”","
.最舒服的季節是秋季, 有美麗的稻浪, 冬季油菜花, 一整片黃色花海, 建議盡量別在連續假期來, 那時候遊客最多的時候, 人擠人較欣賞不到美麗的風景..
"
台東伯朗大道,“對於都市人來說是個很不錯的休閒地點”,"
很典型的農家景色，都市人應該很難得能接觸到這樣的環境和氛圍。非假日過來比較不會感到擁擠，不過若要想要好好的欣賞整個區域的景色，自行車是必需的配備。附近的【稻米原鄉館】是個有趣的地方，裡面的店員對於當地的風俗民情以及台灣近代發展的歷史有相當了解，非常健談也很熱於分享，若有時間可以順道參觀。
"
台東伯朗大道,“別對金城武樹抱太大期望但伯朗大道本身就夠迷人”,"
2月去適逢插秧，一條道路兩旁綠油油的稻田相當引人入勝，感覺四季不同時間去都會有不同的美。金城武樹則感覺歷經許多摧殘，沒有廣告中那種感覺。但整體而言還是相當值得一去。近來伯朗大道內部已不開放小客車進入所以大家都是騎自行車或電動車。如果天氣好也可以選擇用走的散散步，只是從頭走到金城武樹約需3點多公里。伯朗大道外有許多""只要租腳踏車就可以免費停車""的地方，如果想騎車隨便找一家即可，每家價錢都差不多。如果是像我們用走的，則可以考慮停廟裡的停車場，停車費只要30元，價錢相當親民。
"
台東伯朗大道,“風景很美但人心不美”,"
類似這樣景點其實在台灣很多鄉間小道都有，但因為廣告與新聞的強力放送，使的寧靜的產業道路，塞滿了滿滿的人與車，破壞了這原本的美。伯朗大道美在綠意盎然的山搭配黃澄澄的稻田及寧靜無電線桿的道路，但現在去看僅能拍到人頭加車頭，照片無法拍出伯朗大道的美，僅能告知朋友我有到此一遊的事實。真的要去體會風景的美，建議非假日與寒暑假前往，且記得早點出門去拍，我想這樣才不枉費來到這景點。
"
台東伯朗大道,“被炒作的景點”,"
只不過是一顆樹跟田園，被炒作成景點，不會再特別去，還有很多地方更美，不需一窩瘋去，感覺也沒有特別營造它的特色
"
台東伯朗大道,“心曠神怡”,"
因地利之便，去伯朗大道不下數十次，在沒什麼觀光客的時候，到此一遊，看著無盡的稻浪和遠方的中央山脈真是一種享受。建議秋高氣爽時節拜訪，冬天看金黃色的油菜花田也非常棒。
"
台東伯朗大道,“好山好田好空氣”,"
拜金城武的拍攝分享這好地方一望無際的天邊配合著休耕時的油菜花田讓人耳目一新感受到田野之美很想騎著腳踏車大聲喊叫讓城市的喧囂都隨著空氣消散去
"
台東伯朗大道,“可能正逢收割期，稻田不如想像中美”,"
可能當天天氣不好且正逢收割後期，稻田不是在翻土了就是在燒稻草了。路口雖有管制車輛進入，但還是有一些汽車進入，破壞整體美觀，建議12月份不區要特地前往
"
台東伯朗大道,“好舒服的地方”,"
一望無際的稻田和山，好美麗!!! 可惜遊客太多，或許平日去會比較適合。另外也要注意稻田的季節，我們是12月去的，池上的稻田都收割了! 哈哈
"
台東伯朗大道,“來台東必逛景點”,"
可以走路逛逛田野綠地也可以租輛腳踏車或電動車,悠閒的看看滿片的油菜花,走到金城武樹拍照也可以學他騎腳踏車騎到天堂路,也可以到地標伯朗大道跟他合照.....讚
"
台東伯朗大道,“黃金稻田美不勝收”,"
11月正值黃金稻穗配上藍天白雲，畫面超美拍照超棒。騎著租來的腳踏車微風徐徐，稻穗搖曳，鳥群飛躍覓食，真是一個放鬆愜意的好地方。
"
台東伯朗大道,“金城武大道!!!”,"
被稱為金城武大道的台東伯朗大道，這幾年因為金城武拍攝長榮航空，讓原本藏在台灣後花園的 台東這美麗的珍珠，被世人所驚豔!!! 沒有電線桿這世俗感的現在文物，一片金黃色稻田，貫穿直到遠方的美，另每個人都愛這個地方
"
台東伯朗大道,“鄉間小路...”,"
抵達伯朗大道時，腳踏車商家就告訴我們走過去要三公里，想說都來這裡感受一下鄉間小路了，不要騎腳踏車好了，我們就慢慢走慢慢拍，只是現在有很多到田都已經收割了，所以不會看到一大瑱的金黃稻田，走著走著發現了，金城武和兩個婆婆問路的十字路口，地上會有記號喔~走到金城武樹了....它受傷了，整個樹像綁著繃帶一樣，來的時候剛好是黃昏，整個拍照角度很難抓，怎麼拍怎麼黑，所以建議要來的朋友們，早上來吧!剛好是面光拍，現在這個時間點去...可能不是最好看的時候!
"
台東伯朗大道,“路，就是直的”,"
稻田，是台灣的好景色，東西岸都有。天空，是世界的寬闊，處處可見。綿延的山脈，在東岸特別吸引人。稻田 天空 綿延的山脈集合而成的，就是台東伯朗大道。有旅客建議停留半小時，有人短短的逗留來回散步，如果你有空，如果你願意瘋狂，就讓自己在這條大道上往山脈處直奔而去吧～看看那是多久的時間，看看你的眼界與你的腳力是否ㄧ致？別忘了，得預留從山腳下回程走回來的時間噢～^^
"
台東伯朗大道,“慢遊~漫步自然”,"
這裝置藝術成了天然的畫框，所以隨著天氣變化和自然農作會有不一樣的景色，所以不同的時節有會有不同的畫面，來到這除了把自己留著框內紀念外，享受著微風和一片翠綠，讓自己慢遊，才不有有好無聊的感覺，畢竟這個景點就是要我們漫步自然
"
台東伯朗大道,“享受金黃稻穗田中的大自然...”,"
在伯朗大道上騎單車, 感覺好像徜徉在一大片金黃稻穗田中.. 真的超棒！尤其是對生活在緊張都市生活的人來說, 能偶爾走出戶外享受大自然, 真的是無法悠閒自在！
"
台東伯朗大道,“美景”,"
假日旅客太多,景色非常美.騎腳踏車在金黃稻穗中飛馳真的是快樂舒暢.金黃色的地毯真是漂亮.跟著家人出遊是最好的選擇.幸福之旅,快樂享受
"
台東伯朗大道,“到台東必游”,"
幾年下來，池上仍然盡力的維持住她盡可能純樸的風貌，雖然不免因爲遊客太多而需要做些改善（比如把伯朗大道畫上雙黃綫這種愚蠢的行爲），但是仍然是臺灣最美的平地風景之一。其實池上不需要金城武樹或者伯朗大道，都會是最美的臺灣風景之一。春秋時節騎著自行車漫遊池上田野和大坡池，絕對感受的到大地帶給人的幸福！
"
台東伯朗大道,“田園風光”,"
池上很著名的景點，道路貫穿稻田，延伸到盡頭，廣闊的天空，一望無際的稻田， 交織成一幅簡單美麗的風景，真的要親自來看看，才能體會。假日人、車潮非常多，若想要搭配稻田的景色，可別在收割期來啊，不然就是光禿禿的啦。若是夏季，也要小心中暑，附近能夠遮陽的地方也不多囉。
"
台東伯朗大道,“若是只來看金城武樹就太可惜了”,"
若是只來看金城武樹就太可惜了。應該租台腳踏車，或漫步也可以，在清晨人還沒多起來時，優游在田埂間享受一望無際的稻綠。
"
台東伯朗大道,“無際的綠海”,"
一望無際的綠海，身心靈放鬆的好去處! 在池上火車站前，租台腳踏車，買個池上便當，到伯朗大道，喝杯洛神花茶，人生夫復何求!
"
台東伯朗大道,“非常美麗的地方”,"
我們全家在8月底的時候造訪了台東伯朗大道. 真的是非常美麗的地方. 雖然金城武樹倒下後又重新栽種在原地. 但仍不失其魅力. 相信不久它又會再次萌芽長成大樹. 現在假日有交通管制. 所以建議如果假日前往. 可以先將車輛停在伯朗大道入口處附近的出租腳踏車農家. 再租腳踏車前往. 因為整條伯朗大道太長距離. 如果走路的話. 來回可能要1個小時以上的路程
"
台東伯朗大道,“冬季來訪可見遼闊的黃花海”,"
冬季農曆過年前與友人在花東縱谷單車旅行時，順道行經此地見到整片農地油菜花綻放，特別在陽光的撒耀下，宛如廣袤又美麗的金黃色地毯，讓人相機一拿起就很難停下來的狂拍。特別是在2013年有金城武與長榮航空合拍的廣告加持後，這裡的訪客更是絡繹不絕，連早上7點到此都已經看得到其他遊客到此拍照，但至少那時幾乎沒有一般汽車或遊覽車出沒，所以騎單車仍相當舒服！另外附近的大坡池也是不可錯過的好景點之一！總之池上一年四季皆有景，無論哪個季節來都有令人驚豔的風景^_^
"
台東伯朗大道,“稻米成熟時來最棒”,"
5月時節,3天2夜的花東旅,不斷的在下雨~還好住在池上旁,隔天清晨出了大大的太陽!加上那一片綠色的稻田,隨風搖晃~我們雖然悠閒的騎著,也出了一身汗,路上都完全沒有煞風景的電線杆,真的是非常得好拍照阿~~~附近有加手工磨製的豆漿店豆漿非常好喝!立馬就買了最大瓶,喝完又悠哉騎車回民宿了~
"
台東伯朗大道,“相當舒服的地方！”,"
氛圍相當舒服，雖然天氣很熱！目前農忙期間汽車不得駛入，意外體會腳踏車才有的悠閒｡沿著大波池加伯朗大道騎一圈約1.5小時，風景非常美麗寧靜！這次是收穫的黃色，下次希望能看到新綠！
"
台東伯朗大道,“沒想像中好”,"
其實要去伯朗大道時，有點小繞路！可能住的比較鄉下，這種景象還蠻習慣的！個人是覺得如果順路可以去看看美景放輕鬆一下！
"
台東伯朗大道,“有取景考究的廣告終究比較唯美”,"
2月時到池上只來得及看到「金城武樹」，時間不夠尋訪「伯朗大道」。這一趟自關山出發走197縣道到池上，午餐前碰巧又繞到了「金城武樹」，午餐後特別依指標尋訪「伯朗大道」，才發現「金城武樹」所在的路似乎就是「伯朗大道」，這麼一來就有點Confuse，「伯朗大道」不是應該和伯朗咖啡有關才取的名？再到Youtube查詢就更迷糊了，「天堂路」是否等於「伯朗大道」？回想起來，上次來時陰天，田中只有泥土，尚未插秧，尋找曾在書上看到印象中藍天意境幽遠的「曲路遠山」畫面而不得，這次早上是豔陽天，午後則下著雷陣雨，加上遊客很多，忘了再尋找那幅畫面，再重新翻看Youtube，最後發現有取景考究的廣告終究比較唯美。不過這次遊覽鹿野、關山、池上，發現鹿野多茶園，關山雖也有稻田，相較則海岸山脈、中央山脈間的池上平原，稻田佔地更廣，自池上大橋俯瞰，極目翠綠舒坦，且有這段當地居民主張不要設立電線杆而留下的一片「淨土」，確實更顯特色。五月底稻子高度及腰，整株青綠，自行車穿梭田間小路，心情確實難能可比，是否找到印象中的畫面，相對不必過於在意。附近田間無意間發現兩隻可愛小黑狗，讓青綠稻田又多了一分生命力。
"
台東伯朗大道,“平凡無奇的伯朗大道”,"
就如同一般台灣的鄉間小道,只因名人加持,一夕爆紅,實地觀察,如果度假住宿在台東日暉國際渡假村,騎自行車悠閒慢活,就還不錯,如特地撥允前往則不值
"
綠島,“朝日溫泉要應審慎規劃”,"
到海裡去下人肉水餃，應該溫暖的海泉，感覺很凌亂及不知方向，尤其南風或海風大吹，遊客應該個個冷的直打哆嗦，世界美名若不好好經營，大家趁興來敗興回，回客率不佳
"
綠島,“來台東一定要去一次的好地方”,"
有甚麼地方可以讓你在兩天一夜的行程當中，可以一次全部體驗 浮潛、看美麗山石、深潛、泡世界唯三的海洋溫泉、看保育類動物的竹節蟲、與梅花鹿拍照、出海拖釣鮪魚。再來盤炒鹿肉、新鮮的海草蛋花湯、炸飛魚、當地的花生豆腐等美味......那就非得來一趟號稱 台東最美的綠島了!!!
"
綠島,“不斷改變”,"
相隔幾年去改變就差很大，不斷有新的小店增加，可以在裡面尋寶，炭烤飛魚也超級好吃。最重要的是綠島人權文化園區規畫很棒，又有人專門解說，是一定要去的景點
"
綠島,“海島完全體驗”,"
一般海島就是要有可以玩水,觀景,還有便利的交通.綠島有山有水,有海底溫泉,還有觀音洞伏流.有沙灘.有險礁.有兩個浮濳區還有一個潛水區.觀太平洋的海底生態.可以爬阿眉山.有到火燒山的路.也可以走過山古道.爬觀海步道.船程時間不長,飛機15分鐘到.南寮大街還有24小時的便利商店.方便卻又能完整體驗海島風情的地方.
"
綠島,“一定要來體驗潛水的樂趣。”,"
有山有海，景色秀麗，清澈的海裡各色鮮豔魚群及珊瑚礁，沒潛水過的一定要來體驗浮潛的樂趣。還有不時偶遇的螃蟹和梅花鹿。可惜過多的商店和燒烤店太吵鬧。
"
綠島,“找回學生時代的熱情”,"
想找回當初學生時代狂野基因的話，推薦找三五好友來綠島, 可以找回青春時期的悸動. 騎著摩托車，上山，跳海，沖瀑布，抓蟲，找鹿，看星星, 水底世界也非常美麗, 特別推薦""柚子湖""這個景點喔！
"
綠島,“不嚴肅的綠島”,"
喜歡浮潛的朋友，相當適合來綠島，當地的水底世界和清徹水質~讓人忘了。該起身走上岸~感受那風和太陽的照射，除了放慢還是放慢…生活腳步
"
綠島,“Green Land 解放你自己”,"
在繁忙的生活裡，不妨抽出一些時間，出來散散心。在這綠色的小島，能使人忘記煩惱，到處都有一望無際的海，使人心曠神怡。綠島很美，很安靜，沒有太多的人，能讓人靜靜的沉澱身心。綠島給人的第一印象就是監獄，但現在這裡的監獄一點也不可怕了，大多都已不再使用，所以放心，若你很好奇，有些是可以開放參觀的。綠島當地還有台灣少有的海底溫泉--朝日溫泉，水是鹹的ㄛ！建議大家可以在清晨的時後前往泡湯，因為它是少有的露天望海溫泉，可以邊泡湯邊欣賞海景，因此晚上去你可能看不到任何東西，只能吹吹海風而已。若你喜歡浮淺，觀賞海底世界，綠島是一個不錯的地方ㄛ，而且花費不貴！！另外，在夜間還人觀賞到梅花鹿呢，但你自己前往可能會找不到，請找當地人帶你去一看究竟吧！並請他們告訴你一些綠島的故事！綠島還有一個很美的仙境，綠島燈塔，到綠島一定要走一回！！建議大家可以選擇在3-4月的時後前往，天氣涼爽，又不會太熱，重要的是沒有颱風會打斷你的行程！！
"
綠島,“點燃青春的島嶼”,"
綠島，位於台東縣外海，有火燒島之稱，是台灣第四大附屬島，擁有世界聞名的海底溫泉，在大海、藍天下享受泡湯樂趣；島上四周佈滿美麗的珊瑚，自然的海底景觀，是潛水者的天堂。
"
綠島,“移民至綠島”,"
因為現在的我生活在綠島，我可以每天到海邊散步，看看大海，天氣好時，大海的顏色很美，而且海邊會閃閃發光，像是一個藍寶石一樣。而綠島有山長滿了綠綠的樹，每天我會帶著我的愛犬到山上跑步，沒有太多的人車，山上很安靜，只聽得見蟲鳴鳥叫，很舒服! 有時還會與野生動物不期而遇，所以沒事的時候還我常常拿著相機到處拍照，綠島的生態很豐富，有很多特殊的昆蟲、動物，另外還想推薦給大家，綠島的海底世界，在台灣如果要浮潛或潛水，如果沒有來綠島就太可惜了喔!!!
"
綠島,“夏天的綠島 夏夜的涼風”,"
夏天的綠島熱到爆 但晚上的涼風 找個路邊的行人椅躺著看星星 或是騎著機車環島吹著海風 去看野生鹿 泡海底溫泉 或是吃羊肉爐 都讓人很想再回去綠島一次
"
台東鐵道藝術村,“充滿希望”,"
整個鐵道藝術村一直到鐵花村，都掛著滿～～～滿的彩繪天燈，是個殺相機記憶體的好地方！象徵希望的天燈，讓遊客拍著拍著，都感覺到幸福洋溢著。
"
台東鐵道藝術村,“規劃的活動很有趣”,"
這次去剛好遇上熱氣球藝術節，和鐵道街頭表演；不論是街道熱氣球的布置與市集結合繪畫熱氣球的活動都很好玩也很有趣，街道的動線規劃也很好走，垃圾桶的位置放置適當讓鐵道藝術村保持得很整潔，這次玩得很開心。
"
台東鐵道藝術村,“越夜越美麗的藝術村”,"
久聞的鐵道藝術村到了目的地發現晚上更美麗旁邊搭配著熱氣球燈光美氣氛佳來時正好是周末又有樂團的表演增添得熱鬧的氛圍路邊又有藝術品創作的攤位可以好好欣賞作品也有餐點供餐是休閒停下腳步的好地方
"
台東鐵道藝術村,“給台東的原住民文創一個加油吧”,"
給台東的原住民文創一個加油吧一個將原本的鐵路經過台東市中心的地區，改造成一個屬於台東，一個給原住民文創發揮的好地方，如果對原住民的圖騰、彩繪、或織布等有興趣的朋友，一定去看看的好地方
"
台東鐵道藝術村,“非常適合小孩”,"
園區內有火車可看,小孩很喜歡.跑跑跳跳不用太過擔心,且周邊停車還算方便,園區內有很多可以看的東西,寓教於樂,非常適合帶孩子前往.
"
台東鐵道藝術村,“來台東必逛景點”,"
來台東必逛景點不管白天的 人文風景或晚上的裝置藝術都是不能錯過必拍的景致還有周末假日還有藝人參加演出的唱歌,花個100點一杯飲料舒舒服服的聽著優雅好聽的音樂,真是愜意的周末假期
"
台東鐵道藝術村,“天雨路滑咚咚咚騎鐵馬”,"
這是台東鐵馬行的起點，而且是容易的起點，但是下雨的話，非常容易滑倒，要特別的小心。除此之外，一路上的景色很不錯!
"
台東鐵道藝術村,“豐富在地人的生活”,"
這裡是由作家徐璐歌手胡德夫等文人藝術家們規劃完成的藝術村 , 每星期有不同的樂團或知名歌手來表演或演唱 , 週六下午便開始有市集和街頭藝人表演 , 週邊還有獨創的手工作品展售以及在地人用當地的蔬果做成的手工食品 ,例如米冰淇淋沒吃過吧!在這裡 讓你有吃有拿還有人文氣息薰陶 , 在台東職得一遊的所在
"
台東鐵道藝術村,“火車頭~”,"
當我們踏進園區~懷疑了一下....怎麼沒東西呢???但有鐵軌...往前一看，只有一臺火車，所以沒東西了嗎???或許吧!我們看了好久，也看不出哪裡有東西，後來朋友說~應該是在整修吧!所以都沒有東西，但一臺火車和鐵軌也讓我們拍了很久，只是~等它整修來會比較好吧!
"
台東鐵道藝術村,“適合拍照的去處”,"
當天剛好是麥德姆颱風過境後,所以鐵道園區圍著但還是能進入拜訪.園區內有許多熱氣球裝飾,很適合拍照,這些裝飾似乎告訴旅人別忘了參加鹿野熱氣球嘉年華,這幾年成為到訪台東必訪之處
"
台東鐵道藝術村,“很熱鬧跟創意地方”,"
真的很熱鬧，很多年輕人聚在那唱歌，樂團表演比賽，好多小熱氣球，秒殺大家照相，我家弟弟說整個熱氣球佈置是他朋友設計，好有才藝，市集也很有創意，值得一逛
"
台東鐵道藝術村,“休閒逛逛小市集”,"
來這裡可以見到一些手工作品,但是因為我們帶小朋友來就不適合,因為小朋友對此物無興趣,不知道是否手做關係,東西不便宜.建議晚上來才不會熱.又悶.
"
台東鐵道藝術村,"“設施雖已不再使用,卻有另一種發思古幽情的感受!”","
這邊是過去的台東火車站,也是台東舊市區發展的原點,在它還在服役的歲月中,我相信有許多朋友跟我一樣,曾在這裡上演溫馨接送情,也在它的最後歲月裡有機會體驗從現在的台東火車站倒車進站(若你是搭乘南迴鐵路往返台東的朋友,應該會有相同的記憶),站在火車已不再駛入的月台上,看見在台東歷史發展上見證了許多事件的窄軌光華號列車,靜靜的做出最後的貢獻時,是否給人有種人去樓空的失落感呢?現在這裡附近也有電影院,也有許多西部有的東西,但是那種期待火車進站的感覺已經沒有了,倒是可以從這裡想想過往東部(尤其是台東)開拓的時候的辛苦歲月,我想這也是這裡還能保存下來的最大原因吧?漫步在車站到舊車站改建的步道上,我覺得是一種引人發思古之幽情的特殊感覺!!
"
台東鐵道藝術村,“期待完工 嶄現新風貌”,"
近日來台東舊火車站 要結合周邊景點 創造嶄新的新亮點，期許完工後能夠結合原有人文風貌又開闢出不同的新風貌！！！
"
台東鐵道藝術村,“悠閒火車站”,"
遊完山，乘坐客運回到台東的市中心。巴士總站，亦是以前的鐵路總站。以前的舊站位於市中心，非常之方便，也是台灣環島鐵路的起點 (因為舊站的編號是001)。至從南迴線通車後，台灣鐵路局於2001年把台東位於市區的掘頭車站廢除，就荒廢成這一個樣子。現在，這一個舊車站，算是台東市區的一個重要景點，雖然有少少滿目瘡痍，有少少頹垣敗瓦的感覺，但現在卻是台東旅遊服務中心的所在地，也是一個讓台東年青人表演所長的地方，這兒，人人都稱她為《台東舊站》但這地方另有一個名字，叫做《鐵道藝術村》。甚麼藝術及表演就沒有看到了，我們一入舊站，便朝著車站的一片大草地，盡情的享受綠油油的大地，也好讓小朋友安全地到處跑跑走走。園中的舊鐵道，舊車站設施，雖然不完整，但也算是完全地保存下來，當中，最吸引我的就是那個光復號的舊火車箱及可以近距離在火車轉盤上跳跳玩玩。舊的火車道，依然可以直接通往現在的台東車站，但昔日的路軌已經拆除，現在只是環市的鐵馬道 (單車徑)的其中一段。我們在這一大片綠油油的草地上休息好一段時間。近黃昏，蚊子也出現了，不得不離開，找另一個地方看看坐坐。
"
台東鐵道藝術村,“美麗的步道”,"
走在鐵道藝術村的步道上真是個美麗又令人動容的經驗，台東滿溢出來的人文氣息為我晚冬的環島之旅寫下難以忘懷的懷念，久久無法忘懷！
"
台東鐵道藝術村,“很棒的fu”,"
很喜歡在台東的每一刻，尤其是在鐵道村，這裡的夜晚有點像是在台北的PUB，因為有歌手駐唱，也能輕鬆坐在草地上，跟朋友聊聊天，看著天上的星星。
"
台東鐵道藝術村,“東部鐵道迷的好選擇”,"
在台灣西部有不少地方可以讓人體驗到鐵道以及火車，像是彰化、高雄等等都有，但是東部也有台東鐵道藝術村，不只單純的火車，還多了些藝術的包裝
"
台東鐵道藝術村,“保留下美好的印記”,"
將舊有的火車站完整的保留下來,除了作為歷史的印記外,還提供給當地人散步騎車或外地來的旅客一個可以攝影探幽的好地方
"
台東鐵道藝術村,“寧靜休閒的好地方”,"
完整的保留舊火車站的設備,利用寬闊的園區加上許多藝術品的陳列讓在地的居民或遠道的旅客可以悠閒地散步或騎車的好地方
"
台東鐵道藝術村,“歷史、藝術、休閒合一的月台”,"
沿著木棧道行走，觸目所及盡是開闊的綠色草地，筆直的鐵軌向前延伸、交錯、再向前。月臺寧靜無聲，少了上下車旅客的人聲鼎沸，偌大的車站以無聲取代過往繁華，充滿懷舊的氛圍。鐵軌上，光華號靜靜地停在時間凝結的那一刻，這裡是已經停止營運的臺東舊站，也是臺東鐵道藝術村。
"
台東兒童故事館,“許多小朋友的藏書”,"
此次的旅遊我們屬於比較free的方式，有計畫但卻不一定要按照計畫。來到了兒童故事館，發現在一個很大的滑梯，小孩子好像看到什麼似的，往滑梯衝去玩得不亦樂乎，傍著大樹蓋起的大樹屋也很特別。玩累了可以到故事館裡去享受書的饗宴，真的很適合大小朋友一同到訪。
"
台東兒童故事館,"“超級棒的一個地方,一定要來訪！”","
孩子們在大型溜滑梯和樹屋就玩得滿頭大汗不想離開,就給他們玩個夠吧,再進去室內看看書,坐著安靜下來,室內乾淨也安靜,雖然有大人小孩,但是大家都很安靜的享受這片刻的寧靜,我們全家都非常喜歡這裡！
"
台東兒童故事館,“樹屋滑梯小朋友的最愛”,"
大溜滑梯和樹屋鑽來鑽去。每個小朋友很享受。日式建築的圖書館，小朋友只顧玩都沒有人走進圖書館內看書呢!真是的。因為去的這天天氣还是沒有很好，手機拍的照片都沒有很好看。這非常適合溜小孩喔!
"
台東兒童故事館,“台東爸媽們假日最愛的小祕密景點”,"
這裡是台東爸媽們假日最愛的小祕密景點，因為有許多小朋友最愛的遊樂器材之外，讓小朋友們假日有個休閒放鬆的好地點，周遭還有一家海風咖啡廳，非常美麗的鄉村風格，以及一家 吉串燒日式料理店，都是假日大排長龍好店呢!!!
"
台東兒童故事館,“氣氛佳”,"
藏書不多，但最吸引人的是建築物本身及環境氛圍，有固定時間會有說故事的志工，裡面也有一些漫畫可以閱讀，相當適合年齡比較小的朋友到訪，可惜的是書都比較舊一些。
"
台東兒童故事館,“夏天也可以很涼爽”,"
大榕樹遮蔽了陽光，樹蔭下總是微風徐徐～在草地上吹泡泡，也不會曬傷～ 大溜滑梯是孩子的最愛，五月時溜滑梯旁的芒果樹會結芒果． 故事館裡的故事書，更是讓小孩可以待上好一陣子，假日還有大哥哥姊姊說故事～ 超棒
"
台東兒童故事館,“全家消暑好去處”,"
太熱走不動來這裡吹冷氣看書準沒錯,故事書,百科書,漫畫書百百種,我就是在這裡把全套""灌籃高手""31集看完,讚!不過廁所在外面,跟書屋& 溜滑梯共用,所以廁所很髒,很噁,感覺沒人清潔~
"
台東兒童故事館,“特色溜滑梯名列台灣九大之一”,"
正遇台東最熱的一天，38度，這水泥的溜滑梯真的很燙屁股，不過館內有提供廁所，閱書室，可能是平常日到訪，只有我們一組客人，所以館方還特地開燈，開電風扇，館內書籍非常多，童書，繪本，連成套漫畫都有，剛好可以避暑一下，不過戶外的小黑蚊也是超級多，一下就變成紅豆冰，所以防蚊措施不可少，溜滑梯寬度可以讓一家四口都滑下來，而且爬上去的坡度還好，所以光是這個設施就可以玩半小時之久，館內也有提供冰水及熱水，不過沒遇到星期六的說故事時間，只好自己來表演一下，這景點算是市區中小朋友與大人短暫休息的地方
"
台東海濱公園,“小孩跑跳的好地方”,"
小朋友在這很開心，而且這二天在這裡都可以看到很多的軍用飛機，天氣好這裡拍照效東也很不錯的。適合全家大小在這裡散步又可以看海，真的不錯的一個點且離兒童故事館很近喔!
"
台東海濱公園,“是情侶也是小朋友的最愛”,"
與台東森林公園相接，綿延的乾淨海岸是適合給小朋友玩水的地方，一個下午可以就這麼輕鬆的消磨。園區內的國際地標景點是另外一個很特別的亮點，仔細去觀賞其特殊的藤編屋頂和整個結構，會發現真的是非常有特色的一項大型藝術作品，晚上搭配燈光，很有浪漫的氣氛，適合情侶到此走走。
"
台東海濱公園,“漂亮的海灣旁還有超好吃的黃記蔥油餅”,"
木頭步道如果不想讓鞋子進沙的旅客們可走，想在貼近大自然更近海洋的人就直接與海風海浪對話吧！乾淨方便停車，走累了旁邊就有超超有香的黃記蔥油餅可享用喔！雖然要排隊，但速度很快。
"
台東海濱公園,“一望無際...”,"
看著一望無際的大海，很舒服~雖然這天風超級大，整個是風飛沙，但這海岸線很棒，只是...步行到前面一點，整個鞋子裡都是沙子啦~建議可以選擇一天天氣比較好時前往，不然看海還是一片灰灰的...
"
台東海濱公園,“太平洋的大門”,"
即使是步行，從市區出發也僅僅花費不到十分鐘時間的台東海濱公園，是所有造訪台東市的人親近大海最方便的地方。買齊了台東著名的小吃以後，坐在長堤上，一面吹著海風、聽著浪聲，一面享用美食，真的是人生一大享受。若是在晴朗的夜晚，堤上熄燈以後，甚至可以看見空中若隱若現的銀河。可惜的是，由於管理單位配置的人力似乎十分不足，因此在環境的清潔度上較為差強人意，海灘上常有許多垃圾。另外，此處常有流浪狗聚集，雖然有規劃腳踏車道，但仍然需要注意，若是在晚上或是落單的時候，最好隨身攜帶折傘防身。
"
台東海濱公園,“日出　早安太陽”,"
想看曙光嗎？到了台東一定要記得起個大早去海濱公園走走從天濛濛亮聽著浪聲見太陽自海平面緩緩升起那瞬間是讓人感動的
"
台東海濱公園,“一望無際的分色大海！”,"
離台東市區很近，風景壯闊，一望無際的分色大海！可到「國際地標」登高望海，遼闊的海景令人流連忘返！晚上打燈後更是特別～
"
台東海濱公園,“看海的好地方”,"
距離台東市區很近，10分鐘以內就可以到達建議是傍晚再去因為那裏很寬廣但沒什麼遮蔽物晚上國際地標會點起燈 很漂亮喔
"
台東海濱公園,“看海的地方”,"
在台東市區逛久了不免又想念起海洋的模樣,還好濱海公園不遠,隨時都能與海洋親近,累了可以坐在公園一旁的階梯觀浪,看著海浪拍打,聽濤,或是漫步在公園的步道,欣賞著太平洋的美景,十分愜意
"
台東海濱公園,“看海去”,"
不建議太陽大去,因為紫外線超強,清晨或者傍晚比較佳,因為熱又悶,如果太陽沒有很大,吹著海峰會趕人置身國外的感覺,舒服
"
台東海濱公園,“國際地標”,"
漫步完森林公園，我們回到海濱公園看看海。在這一個公園的中央，有一個竹製的巨球，這巨球叫做《國際地標》。很精心的設計，整個球，完完全全只是用竹用籐搪建，在外觀，這一個球充滿了時尚感，在內看，這是傳統中國的籐藝。晚上看，加上了燈光的特別效果，顯得這國際地標更加之美麗。看海，聊天，小朋友又投訴了.....而且入夜後的海邊風很大，我們決定前往下一站，食晚飯。
"
台東海濱公園,“果然是國際地標”,"
國際地標是個與當地融為一體的公共藝術，造型也相當的獲取遊客的目光，與家人一同到這邊來是個不錯的選擇，不同的時分來這邊旅遊會有不同的景色。
"
台東海濱公園,“現場跟拍起來的照片一樣美!”,"
琵琶湖很美!像沼澤一般的樹林.再搭上乾淨透徹得湖水.看的到湖裡游動的魚.水草跟湖底的石頭.因為禁止垂釣.湖裡滿是魚.走在公園樹蔭裡.盡頭就是太平洋.很是壯觀.我想要再去一次.
"
台東海濱公園,“造型美麗的涼亭”,"
位於台東市內，僻臨森林公園。為一沙灘海岸，可欣賞太平洋美景。可於台通森林遊玩後順道前往參觀。遮陽的涼亭不多，需注意避免中暑。
"
台東海濱公園,“臺東獨特的人文、歷史與自然景觀”,"
豎立在臺東海濱公園的國際地標，融合地景與公共藝術，標誌臺東獨特的人文、歷史與自然景觀，獨樹一格的藤編屋頂造型讓人眼睛一亮。國際地標靜靜佇立海岸，白天，它迎接清晨的第一道曙光，夜晚，暈黃燈光照耀，輝煌燦爛，彷彿期盼著世界的眼光。
"
台東海濱公園,“很棒”,"
這裏很棒,很適合放鬆心情,享受海風的吹拂。附近的大排檔也是一大亮點。如果你不趕時間,那就來這玩一玩吧。
"
小野柳,“小野柳風景區及夜遊活動”,"
小野柳顧名思義是野柳的縮小版，除了風景迷人之外，夜晚更有“替寄居蟹找個家”的活動，有專業的解說員帶領及解說，讓遊客能更了解小野柳的生態
"
小野柳,“近距離在市區就可以親近海洋”,"
遊客服務中心態度親切，連旅遊中因為幼兒睡著，需要休憩的場所也提供服務，還可以讓手機族充電。站在沿岸即可清晰看見海中生物，讓孩子雀躍不已
"
小野柳,“搭船要去綠島前，可以逛逛的好景點”,"
如果要搭船要去綠島前，開船時間還沒到，又不能去太遠的地方時，這裡是可以逛逛的好景點，因為走路約20mins裡即可到達，也可經過富岡漁港，去吃海鮮大餐一頓喔
"
小野柳,“奇特的岩石”,"
位於海邊公路11號的一側。因為有很多的樓梯，所以不適合身體障礙的人前往。因為風力侵蝕岩石，所以有許多不同的奇特造型岩石。請注意，雖然這不是一個非常美麗的地方，但仍需要收遊客停車場費。
"
小野柳,“天然雕刻公園”,"
小野柳緊鄰富岡漁港，因造型多變的海蝕景觀酷似北海岸的野柳，因此得名，這裡有各種景象綺麗的奇岩怪石，如單斜脊、蜂窩岩、龜陣岩、豆腐岩、蕈狀岩等等，宛如一座天然雕刻公園。天氣晴朗時，自小野柳遙望東邊，還能清楚看見32公里之外的綠島。
"
小野柳,“小野柳”,"
台東不錯景點,對面有一大民宿可以從民宿眺望大海,也有好吃不貴的海鮮可用.港口可搭船到綠島.住那晚上飛機聲多,建議白天可以去小野柳玩一玩附近順便繞繞吃吃海產,
"
月光小棧,“寧靜的咖啡館”,"
這裡非常寧靜，我剛引擎熄火下車時，以為自己耳朵聽不聲音了。這裡有的可以俯瞰整個台東海岸視野，內不定時有展覽，可以洗滌身心靈。
"
月光小棧,“夜景太美了!”,"
離市區很近，開車上去30分鐘內可到達，惟路上有一段沒有路燈要小心。可以看到一大片台東的夜景，餐點一般般就是一些泡麵跟炸物，有低消，但整體上值得一去!
"
月光小棧,“很喜歡那氛圍”,"
超喜歡月光小棧的氛圍，還有女巫咖啡廳，裡面的色調好美麗，廚房一直傳出來香香的味道，有買甜點還有咖啡，點一份在戶外的桌子上享用，看著遠方的海，好不愜意的下午阿~~~
"
月光小棧,“一個會讓你身心靈全部放鬆的地方”,"
第一次會上月光小棧是因為覺得名字很浪漫,在還沒到月光之前,就被路旁的大樹所製造出來的綠茵道給感動不已,到了月光,被她的美不勝收的海景給驚艷住,除了有很舒服的觀景環境和簡單輕鬆飲料外,還有很多展覽可以充實自己的藝術品味,是我在台東最喜歡的景點之一,很舒服!!
"
月光小棧,“古樸寧靜之地”,"
來到都蘭最常引起大家討論的地點就是這裡了平價個咖啡茶飲美麗的風景以及古樸的原住民音樂彷彿帶你到了一個美麗的森林國度享受大自然以及美麗的都蘭海灣的同時讓您的心靈在這一刻得到了昇華
"
月光小棧,“時間與太平洋海岸一起靜止了”,"
沿著山坡路上山，迎面而來的是山腰中令人窒息的太平洋海景，非都市的下午，與咖啡和狗在月光小棧，時間彷彿靜止了。
"
月光小棧,“藝文展覽家咖啡”,"
位於都蘭山上的舊林務站保留著純樸的木製建築不定時的展出各類藝文展覽,美麗的園區種滿各類熱帶植物,坐在草坪上的陽傘下品嘗著精緻的下午茶眺望著太平洋享受片刻悠閒時光
"
月光小棧,“一股創作、文化的滋味等著遊客來品嘗”,"
位在阿美族聖山都蘭山腰的月光小棧，是金馬影片《月光下我記得》的拍攝場景。典雅日式風格的木造建築物與充滿藝術氣息的女妖藝廊，除了遠眺太平洋左岸的湛藍，月光下伴隨婆娑樹影的咖啡香，這裡更有一股創作、文化的滋味等著遊客來品嘗。
"
鐵花村音樂聚落,“幸福的邂逅”,"
這晚非常幸運聽到昊恩的現場演唱，因為探班，所以也有幸浸淫在巴奈天籟般的歌聲中。幸福也不過如此：輕鬆的夜、無壓力的享受、風趣的演出。Unforgettable！
"
鐵花村音樂聚落,“台東不可錯過的音樂聚落”,"
當假日周末來到台東時，三五好友用過晚餐，最不可錯的好地方，就是台東的鐵花村音樂聚落，固定請原住民歌手駐點表演，週邊還有許多原住民風格的商品販售，也可以在廣場上點杯小酒，傾聽它們的心靈之歌。
"
鐵花村音樂聚落,“台東原創音樂”,"
很舒服的空間還有台東原創音樂及市集, 來到台東一定要到鐵花村走走. 星期三還有唱作聚家歡迎素人音樂人參與, 像個大家庭.
"
知本溫泉,“很棒的溫泉，泡再多次都不膩”,"
超滑膩的美人湯，讓人泡再多次也不厭倦的好溫泉，尤其是知本有好山，去山上或森林遊樂區走到出汗後，再回來泡湯，更是讓人放鬆。
"
知本溫泉,“溫泉浴洗澡堂，順便煮雞蛋”,"
以前 知本是個美麗的地方，它的美麗源自於山區瞭望與燈火點點，但已經沒落的一段時間，沒有昔日的純樸與自然感。總之，對於我的記憶來說，想停留在以前的時候，偶爾去看看也不錯。
"
知本溫泉,"“想要體驗與西部溫泉不同之處的人,可以試試看!”","
我第一次聽說知本溫泉區,是聽到出身台東的某位沈姓原住民歌手在自己寫的歌曲裡面提到去這裡洗溫泉可以讓你心情快活,所以在聽過這首歌跟在職場上接觸過某些東部出身的朋友後,在2003年第一次由高雄搭乘南迴鐵路的火車一路體驗山跟海之間的對話後來到這邊,自那次之後,我也前往了將近10次,如果你想要長時期待在這裡,建議可以預訂溫泉區裡的飯店,你不但可以順便拜訪知本森林遊樂區,也可以體驗到這裡特殊的氛圍,若你預算不足或是訂不到飯店,可以試試24小時的露天溫泉,我敢保證你絕對會有不虛此行的感覺(不會像某些飯店因為接了陸客團,住宿品質變差,而且他們很少洗露天的),特別是泡過南投東埔,台北北投,台中谷關,台南關子嶺的溫泉狂熱者,這裡會讓你有無限的收穫!!在泡完溫泉後,也可以參拜一下來自泰國的四面佛(聽說十分靈驗),就當作是遠來的客人請四面佛保佑身體平安吧!!
"
知本溫泉,“東遊季渡假溫泉”,"
是一個很有規模的溫泉,而且溫泉有熱的及冷的,有家庭的小朋友一定可以玩的很開心,而且價格不會貴,而且滿熱鬧的,溫泉是露天的池,且是大眾的,但依然有許多人去,最好是大家吃飯時間去,因為人會少一點,泡完溫泉再去知本夜市吃東西是不錯的選擇
"
知本溫泉,“富野溫泉”,"
溫泉(碳酸氫鈉泉 泡起來皮膚滑滑的)和其他設施spa 和蒸氣室 都不錯 尤其晚上泡一次 早上再去泡一次 都是一種不同的感受
"
知本溫泉,“心的服務”,"
泉質超讚的~日本客也愛還可以美麗肌膚,舒緩腸胃不適放在知本老爺,更是加分!!有美景又有好湯!!還可以吃到老爺的美食^0^
"
嘉明湖,“天使的眼淚”,"
嘉明湖-眾人稱作天使的眼淚,為一個隕石湖,此行為我第N次去了,這次主要帶朋友去,天氣相當的好,上山的人非常多,山屋都客滿到不行,彷彿是菜市場,這也是最令人詬病的地方,這路線太熱門了,如果能還這個地方清靜,我想這裡應該會更美!
"
池上飯包博物館,“池上飯包的小故事”,"
大家都知道池上的米好，煮出來的飯更是優質，再早期農業的社會～吃米飯是一件很重要的事情，不但讓你一天活力滿滿，也是農人在外的便當；而在池上吃便當又多了幾個選擇，無論是懷念古早氣息，亦或是火車賞的懷舊氣氛，都歡迎來到　“悟濤池上飯包創始店”　，雖然這裡假日陸客　台客　滿滿滿，但是相信總是能找到一個愜意的角落用餐的！我喜歡外頭兩個復古的火車，在內用餐讓人不小心掉入滿滿的回憶呀！喜歡採買小玩意兒，或是紀念品的也可以在這看看！如果喜歡靜謐氣氛的，就外帶吧：）
"
池上飯包博物館,"“沒有特色,排隊令人不耐”","
餐飲就是便當,且排隊等候令人不耐,品項時常售罄,令人氣結.雖有小的雜貨區可看,但是整體來說實在不需要特別一訪.
"
池上飯包博物館,“恐怖的人潮中很難好好享受便當”,"
假日來到這, 面對人山人海的旅客, 只能跟朋友分工, 一人排隊一人找位子才能節省時間.店內有三個結帳櫃台, 但是絕大部分的訪客都乖乖地只排某個櫃台, 導致於看起來大排長龍. 光是等一個便當就要至少半小時, 實在驚人.拜訪當天許多便當口味已賣完. 買了一個雞腿跟排骨的便當在一旁猛扒飯.米飯不知是否煮過頭,口感偏黏膩. 跟日本米飯比較起來, 少了一個咀嚼時會有的甜美味.但是想要來個初體驗, 來懷舊. 確實可以來這打個卡買個招牌便當. 如果沒有很愛吃便當的, 應該還有其他美食可以滿足你.
"
池上飯包博物館,“一定不能錯過的美味”,"
來台東一定要來吃的便當飯包,可以在大廳享用,也可以看好不好運可以排到火車裡面,享受好吃的便當大餐,米飯好吃配菜好吃主菜排骨或雞腿都是最棒的
"
池上飯包博物館,“熱食是所有人基本的期待”,"
有個寬闊的食堂，即使是必須半自助的取用便當（飯包），但是熱呼呼的便當，不就是一個旅人基本的期待嗎？內容，一樣是豐富，像是台東這個縣市的印象，給你滿滿，滿滿的滿足。
"
池上飯包博物館,“悟濤池上飯包創始店”,"
很復古傳統的景點，這裡有展示池上米文化，一方面也有提供精緻美食，也就是悟濤池上飯包啦，有多種口味可以挑選，不過也是用餐時間就是大排長龍,除了裡頭有用餐區，外面還有節火車車廂，坐在裡頭用餐也是別有一番滋味喔。
"
池上飯包博物館,“因為懷舊而雋永---池上飯包文化故事館”,"
池上飯包文化故事館,象徵已有七十多年歷史的池上便當。在二樓的故事館,可以看到陳年歲月照與創店基本介紹。除此之外,一樓的佈置與陳設我很喜歡,具有歷史的火車車廂內,你可以在裡頭許願,寫下心願卡,高掛在車廂內,眾人可以聆聽你的心願;你也可以和朋友、家人在火車車廂內,吃飯暢談聊天,那是在其他地方不會出現的特別情境,不一樣的感受,但很棒! 郵筒.鐵軌.具有歷史的火車車廂,因為懷舊而雋永的...池上飯包文化故事館。
"
鹿野龍田自行車道,“舒服的吹著風”,"
悠哉自在的騎乘著鐵馬自在的在田野間吹著涼風慢慢地欣賞在地的建築與農作物是到台東騎自行車的首選之地
"
鹿野龍田自行車道,“日式民房、棋盤式田園景觀的自行車道”,"
由於搭至關山的隔夜車出了點差錯，使一夜幾乎沒睡，放棄原本租自行車至鹿野的計畫，改變為搭客運，發現路程較之關山至池上的平直微傾，至鹿野則有多段路程上下起伏頗大，若要騎自行車前往，確實需在體力狀態充沛時較佳。至鹿野火車站下車後，想先找行李房安置行李再繼續行程，不料火車站正在大肆整建，發現鹿野站不像關山、池上，似乎沒有行李房。還好詢問站務小姐及先生，仍能暫時給予方便寄放至約午後五點，否則這趟鹿野之行出乎意外得扛著行李可就累了，對鹿野火車站致予無上的感謝！！出鹿野火車站後左轉中華路，至7-11約50~100公尺循右側上坡經過鹿野國中循光榮路走約兩公里，一路上可看到後來有關路邊圖示介紹陸續提到的「日式民房」，到達鹿野唯一能租到自行車的店後，由於艷陽高照，至店內詢問，瞭解車型段數有限，先在外邊的長形座椅上躺下休息，否則想必無法騎上鹿野高台。不料不久一部遊覽車帶來一群學子，把較高段的車全騎走了，只好放棄Bike上高台的計畫。稍往前走就是龍田國小，國小內有老樹，也有日本校長宿舍、台灣最早的托兒所......再往前是崑祠堂，慈濟證嚴法師曾在此短期修行，崑祠堂旁有龍田文物紀念館，其內牆上看板有對鹿野、隆田地名、地理、作物.....特色由來的介紹。光榮路右轉後數百公尺即可到由小葉欖仁樹構成的綠色隧道，飛行傘降落草皮....等景點。在附近田園道路上來回縱橫，由於道路採棋盤式設計，通常一個方向為微上坡，轉至另一側迴轉後便又會是一路下坡，路旁有茶園、鳳梨園、香蕉園......迥異池上、關山的稻田景色。搭台灣好行至鹿野高台往下眺望棋盤田園時，其中一排橫向道路有較多民房，後來在遊客中心詢問服務人員，得知那便是早上BIKE自由行的光榮路。後來大致明白自行車出租店的車型原即規劃為遊覽龍田、永安社區、永昌部落.....，即使是被學生借走的車型也不適合上鹿野高台，若也有租自行車至鹿野高台的計畫，除非有那位騎菜籃車玩三鐵阿伯的體力，否則即需從關山或台東才能租到適當的車，兩地距鹿野都約20公里，一路多有起伏，若再把住宿加以考慮，規劃起來相對難度會較高。
"
卑南文化公園,“卑南文化值得去~^^”,"
卑南文化人稱奇~人形石柱稀翠玉~出土石棺都蘭去~南北座向都有趣~sapasapa'高高起~瞭望台上望遠去~史前聚落遺址冠太平~^^
"
卑南文化公園,“可以走走看看”,"
可以來這寬闊的地方野餐,帶著小孩來這跑跑步,看看綠地舒展身心,也可以看看卑南文化的 發展起源,是一個可以殺時間的不錯地方,離台東火車站很近大約10分鐘路程
"
卑南文化公園,“休館...”,"
很不巧的，來的這天，休館...但這片大草原也讓我們拍了很多照片，休館來~也不知道它的主題是什麼，就只能雖然都只有草皮，聽聽蟬叫鳥鳴聲，很棒!躺在草皮上，很舒服讓我們躺著就不想走了，有機會再找天沒休館來看看，或許會有值得看的地方~
"
卑南文化公園,“時間長流 廣衾草原 心靈不覺撼動之旅”,"
台東之美半鐵賽後稍作休息，向晚以悠閒心情沿著「山海鐵馬道」向火車站的租車店趨近，雖然今年可能因服務佳生意興隆，租車店打烊時間較去年延後一小時，不過還是打算如去年般在17：00前還車，讓店家能儘早休息。行至文昌路，看到前面車行地下道，想起去年底「金崙自行車＋路跑」回程因記錯時間錯過火車，等待下班車的空檔，家人告知當日新聞報導的「獅頭博物館」就在附近，可能係即將開幕，發現無人知曉，一位大嬸改推薦可至過地下道後的遺址公園參觀，後因行李繁重不利步行而作罷，這回正好還有15分鐘時間，又有鐵馬利器，因此便過地下道一探究竟。一過地下道右轉，馬上有「月形石柱」指標，沿一斜坡步行數公尺，即可見到「月形石柱」。若不看解說，很容易「有眼不識泰山」，等閒視之。推測係土地先民房屋建築使用的石柱已有2000~5000年的歷史，等於是華夏歷史初有文字記載的時期，比北部八里的十三行遺址的年代還要久遠得多，心靈不覺為之撼動，後來上網查了一下，才知這是僅存少受破壞，原地保留的遺址。回至小路，踩踏踏板續行左側一往上斜坡，數百公尺後左轉，忽然眼前一片綠草如茵，草原上間歇有老樹，一路緩坡向下，夕陽掩映，秋風颯爽，心靈又一次為之撼動。雖然逗留時間不長，但未料因景能有無形時間長流、有形廣衾草原引發的心靈撼動，實屬難得，下一次值得再來作更仔細的參訪。
"
卑南文化公園,“不只是公園”,"
當初以為公園只是像都市的普通小公園，沒想到這裡的占地超廣，有很大的綠地可以野餐，裡面同時可以參觀卑南遺址，雖然不多稀奇真品，但也是野餐的好去處。
"
卑南文化公園,“擁有考古遺址的文化公園”,"
卑南文化公園占地非常大,主要參觀的地方對我而言有四個部份:一個是景觀台,能看到台東平原,天候許可能看到台東市區及蘭嶼.綠島.都蘭山.鯉魚山跟貓山.一個是展覽館,門票全票30元.能讓我們了解當時考古地理地質等認定史前文化的方式.擁有奇特的玉玦耳環.一個是月形石,這個上面具有大孔洞的石片,有一說是房屋的牆壁.但石頭很巨大.又剛好能透過日光及月光計時,所以很特別.一個是考古現場區.目前仍在細細的挖掘這個有古文物的現場.讓我們可以親眼見到考古現場的地方.
"
卑南文化公園,“台灣文化的源頭在台東”,"
卑南文化公園又稱作史前遺址公園,是兩千多年前卑南文化人聚居的地方,因闢建南迴鐵路發現這個遺址,這個遺址位在卑南山向陽坡上,面向太平洋,視野極佳,園內草原和原生植物森林廣佈其間,步行園中猶如回到古人的視野,心中馳騁數千年.
"
卑南文化公園,“很好的教育環境”,"
帶著兩個小朋友，在仿作的考古坑中挖掘，是很好的學習和體驗。這麼好的環境，卻是門可羅雀，應該多多宣傳才是。
"
卑南文化公園,“有趣的卑南遺址”,"
文化公園的遊客中心內展出在此遺址出土的3000年前新石器時代古物,包括有玉器,陶器等,古物保存狀況完整讓人驚喜,因館內遊客不多,所以可以在此悠閒的慢慢欣賞古老工藝.另外,館內有精闢的定時解說,還有介紹卑南遺址的影片欣賞,透過解說員生動的解說,過去的古老人類的生活彷彿歷歷在目,值得一遊!門票(全票)30元
"
卑南文化公園,“觀光、親子、水利、農田灌溉等多重功能的親水公園”,"
知本圳親水公園位於利嘉溪與知本溪之間的沖積平原，其取水口位於知本溫泉風景區「溫泉橋」頭右轉約一百公尺處，與知本溫泉旅館區相望，是知本溫泉風景區兼具環保、觀光、親子、水利、農田灌溉等多重功能的親水公園，也是重要觀光景點之一。
"
太麻里金針山,“很美”,"
在金針花開花的季節去.可以看到相當漂亮的花喔.推薦各位騎機車去.開車的話如果遇到會車.會相當要有技術才行
"
台東森林公園,“活水湖很漂亮，游泳也很舒服”,"
20150503 在台東森林公園參加鐵人三項運動比賽，游泳的地方就是 活水湖，附近的環境就是個公園，空氣好，活水湖的水溫也非常舒服，看的到水底的，這裡可以租單車暢遊，非常推廣給各位朋友們開放時間(opening): 06:00~19:00門票資訊: 開放空間，免門票 (Free tickets)
"
台東森林公園,“單車族的聖地”,"
這個公園腹地廣大，而且有規劃完善的自行車道。騎著自行車悠遊在林間小徑、或沿著風景宜人的湖邊漫步、又或是躺在茵茵的青草地上看戰鬥機起降都各有樂趣。
"
綠島燈塔,“普通經典”,"
既然已經來到綠島，只能跟著機車晃一圈，綠島燈塔就是其中景點之一，它離碼頭邊算很近，附近風景也可以拍張照，但是我們去的時間剛好在中午，艷陽高照，只需要匆匆一瞥即可。
"
綠島燈塔,“充滿故事性的綠島地標~燈塔~”,"
1937年的一場擱淺邂逅，造就了此景供後人瞻仰!!現今的它，尚努力的在為太平洋的海上交通做最完善的指引，燈塔旁的情人湖(烏油窟)還在記錄著你我的未來~想聽故事嗎?我在這裡等您~~~~~~~
"
綠島燈塔,“景色怡然”,"
潔白的牆面,背景為藍天,相互呼應著,春夏之季的到訪,徐徐的微風,一整個下午呆在<烏油窟>的沙灘上,也不會覺得無聊,反而有總放下一切煩惱的怡然自得,放空是最好的所在....
"
綠島燈塔,“綠島燈塔”,"
綠島燈塔有一個潟湖，如果來綠島旅遊想玩水的朋友，這裡海水也清澈，也比較安全唷! 另外晚上來綠島燈塔看夜景，如果天氣好，會看到滿天星空與燈塔的光，搭配起來像是卡片似的風景!超棒~
"
綠島燈塔,“完美的日落”,"
在綠島的時候來這裏拍攝完美的日落照片吧,你不會失望的!因為這裏白天會達到43度,所以一定記得塗防晒霜!
"
綠島燈塔,“綠島燈塔”,"
這個燈塔在綠島上,我去綠島觀光的時候順便來看了看。老實說,我懷疑這裡能不能稱為景點。遊客不能進入燈塔內,只能在附近眺望。附近的大海很美,來這裏不如到海邊散步。到綠島的路不太好認,我在地圖上查,它正好在機場的背面,其實得穿過農家,爬一點山路才能到,有點冒險的感覺。不過我是騎摩托車去的,不清楚能不能乘坐其他交通工具。
"
台東加路蘭海岸,“台東市郊最壯闊海景”,"
喜歡看這裡的海水拍打著海岸，總是義無反顧地濺起最純白的浪花。停車方便，還有寬闊綠地和象徵原住民圖騰的地景藝術。到臺東富岡漁港可順道一遊。
"
台東加路蘭海岸,“漂流木藝術海岸公園”,"
各式各樣運用漂流木創作的公園鄰近海邊可以與海景搭配一起非常的荒涼的藝術公園可以來一探創作又可以遠眺太平洋
"
四維夜市,“在地人的夜市”,"
比台東觀光夜市熱鬧，但只有星期日才有的夜市，攤販擺在大馬路上，所以夜市不會擺很晚，小吃多樣化，買衣服，生活用品，小孩玩的都有
"
四維夜市,“很一般的傳統臺灣夜市型態”,"
很好停車，因為大馬路就是停車場，沒有特別的美食，很特殊的只有夜市居然有擺檳榔攤。東西不算便宜，一隻烤魷魚８０～１００元，雞排５０～７０元，小朋友坐簡易的遊樂設施一次８０元。若是順道看看還可以，外地遊客就不建議特地來這裡。
"
台東觀光夜市,“比較有名的夜市”,"
這是位於台東市中心的夜市，規模還有形式跟其他地方的有點差距，但裏面也有好吃的東西，晚上有時間可以到這裏逛逛。
"
台東觀光夜市,“當地著名夜市”,"
當地很熱鬧的夜市，雖然也是規模不大，不過小吃、童玩可是一律俱全，在台東住宿的人，可以來這走走，逛逛。在這邊附近還有間正氣豆花，很不賴喔。
"
台東觀光夜市,“逛逛市集去”,"
這個夜市很特別,因為大家上廁所都會去夜市旁的""家樂福""上,超好笑的,其中有一家夜市賣果汁的攤販,它用的牛奶竟然是高檔的出路牛奶ㄝ~
"
